season,team,champion share,champion,playoffs,predicted champion share,prediction rank,make finals
1965,Boston Celtics,100,TRUE,1,79.52702148,1,TRUE
1986,Boston Celtics,100,TRUE,1,79.18703664,1,TRUE
1986,Los Angeles Lakers,53.33333333,FALSE,1,78.81242171,2,FALSE
1962,Boston Celtics,100,TRUE,1,78.51131579,1,TRUE
1972,Los Angeles Lakers,100,TRUE,1,78.20678028,1,TRUE
1997,Chicago Bulls,100,TRUE,1,77.84693623,1,TRUE
1996,Chicago Bulls,100,TRUE,1,77.7540203,1,TRUE
1983,Philadelphia 76ers,100,TRUE,1,77.26525443,1,TRUE
1985,Los Angeles Lakers,100,TRUE,1,77.19539847,1,TRUE
2018,Golden State Warriors,100,TRUE,1,77.17642162,1,TRUE
1988,Los Angeles Lakers,100,TRUE,1,76.97158163,1,TRUE
1992,Chicago Bulls,100,TRUE,1,76.66892121,1,TRUE
1963,Boston Celtics,100,TRUE,1,76.55463826,1,TRUE
1960,Boston Celtics,100,TRUE,1,75.85323474,1,TRUE
1964,Boston Celtics,100,TRUE,1,75.76938198,1,TRUE
1987,Boston Celtics,86.66666667,FALSE,1,75.7095936,1,TRUE
2017,Golden State Warriors,100,TRUE,1,75.70288113,1,TRUE
1998,Chicago Bulls,100,TRUE,1,75.37350467,1,TRUE
1987,Los Angeles Lakers,100,TRUE,1,75.08384205,2,TRUE
1973,Los Angeles Lakers,75,FALSE,1,74.96556224,1,TRUE
2002,Los Angeles Lakers,100,TRUE,1,74.87103556,1,TRUE
1968,Philadelphia 76ers,58.33333333,FALSE,1,74.86943668,1,FALSE
1961,Boston Celtics,100,TRUE,1,74.62598054,1,TRUE
1991,Los Angeles Lakers,80,FALSE,1,74.08565888,1,TRUE
1974,Milwaukee Bucks,91.66666667,FALSE,1,73.65193559,1,TRUE
1967,Boston Celtics,36.36363636,FALSE,1,73.59332744,1,FALSE
2014,San Antonio Spurs,100,TRUE,1,72.98753591,1,TRUE
2009,Los Angeles Lakers,100,TRUE,1,72.67085469,1,TRUE
1990,Los Angeles Lakers,26.66666667,FALSE,1,72.03960388,1,FALSE
1983,Los Angeles Lakers,66.66666667,FALSE,1,71.49164919,2,TRUE
1959,Boston Celtics,100,TRUE,1,71.10143231,1,TRUE
1985,Boston Celtics,86.66666667,FALSE,1,70.99140156,2,TRUE
1973,Milwaukee Bucks,16.66666667,FALSE,1,70.97557996,2,FALSE
2006,San Antonio Spurs,43.75,FALSE,1,70.84650543,1,FALSE
2010,Cleveland Cavaliers,37.5,FALSE,1,70.78657613,1,FALSE
2007,San Antonio Spurs,100,TRUE,1,70.75745951,1,TRUE
2005,San Antonio Spurs,100,TRUE,1,70.56812906,1,TRUE
2013,Miami Heat,100,TRUE,1,70.53320892,1,TRUE
1990,Detroit Pistons,100,TRUE,1,70.42829638,2,TRUE
2016,Golden State Warriors,93.75,FALSE,1,70.3922216,1,TRUE
1999,Utah Jazz,33.33333333,FALSE,1,70.35831004,1,FALSE
1989,Los Angeles Lakers,73.33333333,FALSE,1,70.22105615,1,TRUE
2000,Los Angeles Lakers,100,TRUE,1,69.91549445,1,TRUE
2006,Detroit Pistons,62.5,FALSE,1,69.74789551,2,FALSE
1988,Boston Celtics,60,FALSE,1,69.27261554,2,FALSE
1998,Utah Jazz,86.66666667,FALSE,1,69.14615525,2,TRUE
2016,San Antonio Spurs,37.5,FALSE,1,69.12573886,2,FALSE
2008,Boston Celtics,100,TRUE,1,69.11633304,1,TRUE
2012,San Antonio Spurs,62.5,FALSE,1,69.09241853,1,FALSE
1984,Boston Celtics,100,TRUE,1,69.05279435,1,TRUE
2014,Oklahoma City Thunder,62.5,FALSE,1,69.03294035,2,FALSE
1980,Los Angeles Lakers,100,TRUE,1,69.00381853,1,TRUE
2019,Golden State Warriors,87.5,FALSE,1,68.77374562,1,TRUE
1972,Milwaukee Bucks,50,FALSE,1,68.73066196,2,FALSE
1989,Detroit Pistons,100,TRUE,1,68.53893386,2,TRUE
1973,Boston Celtics,58.33333333,FALSE,1,68.3993474,3,FALSE
1982,Philadelphia 76ers,100,TRUE,1,68.3743422,1,TRUE
2017,San Antonio Spurs,50,FALSE,1,68.2721363,2,FALSE
1971,Milwaukee Bucks,100,TRUE,1,68.25603699,1,TRUE
1981,Philadelphia 76ers,75,FALSE,1,68.06729717,1,FALSE
1967,Philadelphia 76ers,100,TRUE,1,68.04334482,2,TRUE
1975,Boston Celtics,50,FALSE,1,68.01949003,1,FALSE
1999,San Antonio Spurs,100,TRUE,1,67.94951523,2,TRUE
2009,Cleveland Cavaliers,62.5,FALSE,1,67.65020076,2,FALSE
2001,San Antonio Spurs,46.66666667,FALSE,1,67.39410899,1,FALSE
2009,Boston Celtics,43.75,FALSE,1,67.29324023,3,FALSE
2011,San Antonio Spurs,12.5,FALSE,1,67.04519241,1,FALSE
2013,San Antonio Spurs,93.75,FALSE,1,66.99465405,2,TRUE
1993,Chicago Bulls,100,TRUE,1,66.94388952,1,TRUE
1981,Boston Celtics,100,TRUE,1,66.93348546,2,TRUE
1997,Utah Jazz,86.66666667,FALSE,1,66.81536241,2,TRUE
2008,Detroit Pistons,62.5,FALSE,1,66.38807587,2,FALSE
2022,Phoenix Suns,43.75,FALSE,1,66.34431572,1,FALSE
1970,New York Knicks,100,TRUE,1,66.34214622,1,TRUE
1980,Boston Celtics,41.66666667,FALSE,1,65.80792056,2,FALSE
1991,Chicago Bulls,100,TRUE,1,65.74371715,2,TRUE
1973,New York Knicks,100,TRUE,1,65.67634461,4,TRUE
2011,Los Angeles Lakers,25,FALSE,1,65.61474275,2,FALSE
2018,Houston Rockets,68.75,FALSE,1,65.46757453,2,FALSE
1982,Boston Celtics,58.33333333,FALSE,1,65.33965194,2,FALSE
2012,Miami Heat,100,TRUE,1,65.21891448,2,TRUE
1985,Philadelphia 76ers,53.33333333,FALSE,1,64.99223879,3,FALSE
2002,San Antonio Spurs,26.66666667,FALSE,1,64.89976929,2,FALSE
2007,Phoenix Suns,37.5,FALSE,1,64.28461634,2,FALSE
2003,San Antonio Spurs,100,TRUE,1,63.95600976,1,TRUE
1991,Portland Trail Blazers,60,FALSE,1,63.66661105,3,FALSE
2016,Cleveland Cavaliers,100,TRUE,1,63.3998779,3,TRUE
2015,Golden State Warriors,100,TRUE,1,63.35880294,1,TRUE
2011,Miami Heat,87.5,FALSE,1,63.34471706,3,TRUE
1976,Golden State Warriors,58.33333333,FALSE,1,63.23527636,1,FALSE
1995,San Antonio Spurs,60,FALSE,1,63.16920329,1,FALSE
1993,Phoenix Suns,86.66666667,FALSE,1,62.96529646,2,TRUE
2006,Dallas Mavericks,87.5,FALSE,1,62.88800917,3,TRUE
2004,San Antonio Spurs,37.5,FALSE,1,62.85838317,1,FALSE
2023,Boston Celtics,68.75,FALSE,1,62.70541728,1,FALSE
2005,Miami Heat,68.75,FALSE,1,62.60720946,2,FALSE
2000,Portland Trail Blazers,66.66666667,FALSE,1,62.21070063,2,FALSE
2010,Los Angeles Lakers,100,TRUE,1,62.15563419,2,TRUE
1995,Utah Jazz,13.33333333,FALSE,1,62.04779389,2,FALSE
1998,Seattle SuperSonics,26.66666667,FALSE,1,61.9667055,3,FALSE
2013,Oklahoma City Thunder,31.25,FALSE,1,61.96548912,3,FALSE
2020,Los Angeles Lakers,100,TRUE,1,61.91604317,1,TRUE
1996,San Antonio Spurs,33.33333333,FALSE,1,61.72542475,2,FALSE
2021,Phoenix Suns,87.5,FALSE,1,61.64304798,1,TRUE
1975,Washington Bullets,66.66666667,FALSE,1,61.28505994,2,TRUE
2003,Sacramento Kings,43.75,FALSE,1,61.05297319,2,FALSE
2019,Toronto Raptors,100,TRUE,1,60.9870474,2,TRUE
2010,Orlando Magic,62.5,FALSE,1,60.95821025,3,FALSE
1993,New York Knicks,60,FALSE,1,60.80175177,3,FALSE
1958,Boston Celtics,75,FALSE,1,60.79906607,1,TRUE
1997,Houston Rockets,60,FALSE,1,60.41751196,3,FALSE
1998,Los Angeles Lakers,46.66666667,FALSE,1,60.37846596,4,FALSE
1953,Minneapolis Lakers,100,TRUE,1,60.32893717,1,TRUE
2019,Milwaukee Bucks,62.5,FALSE,1,60.26210124,3,FALSE
2004,Indiana Pacers,62.5,FALSE,1,60.22549534,2,FALSE
1966,Boston Celtics,100,TRUE,1,60.2161444,1,TRUE
1995,Phoenix Suns,40,FALSE,1,60.15549047,3,FALSE
2008,Los Angeles Lakers,87.5,FALSE,1,59.97500293,3,TRUE
2020,Milwaukee Bucks,31.25,FALSE,1,59.84966339,2,FALSE
2007,Dallas Mavericks,12.5,FALSE,1,59.79712318,3,FALSE
2004,Minnesota Timberwolves,62.5,FALSE,1,59.58864172,3,FALSE
2005,Dallas Mavericks,37.5,FALSE,1,59.32900496,3,FALSE
2023,Milwaukee Bucks,6.25,FALSE,1,59.11446768,2,FALSE
2020,Toronto Raptors,43.75,FALSE,1,58.76361455,3,FALSE
2003,Dallas Mavericks,62.5,FALSE,1,58.23624733,3,FALSE
1990,Portland Trail Blazers,80,FALSE,1,57.8584682,3,TRUE
1998,Indiana Pacers,66.66666667,FALSE,1,57.78021726,5,FALSE
1996,Seattle SuperSonics,86.66666667,FALSE,1,57.77318034,3,TRUE
2012,Chicago Bulls,12.5,FALSE,1,57.5906654,3,FALSE
1985,Milwaukee Bucks,20,FALSE,1,57.39979234,4,FALSE
1997,Seattle SuperSonics,40,FALSE,1,56.80999541,4,FALSE
1992,Portland Trail Blazers,86.66666667,FALSE,1,56.79672153,2,TRUE
2018,Toronto Raptors,25,FALSE,1,56.70379852,3,FALSE
1984,Los Angeles Lakers,93.33333333,FALSE,1,56.61265005,2,TRUE
1994,New York Knicks,93.33333333,FALSE,1,56.52640998,1,TRUE
2002,Sacramento Kings,66.66666667,FALSE,1,56.39530494,3,FALSE
2009,Orlando Magic,81.25,FALSE,1,56.34550303,4,TRUE
1994,Houston Rockets,100,TRUE,1,56.25174391,2,TRUE
2012,Oklahoma City Thunder,81.25,FALSE,1,56.24582269,4,TRUE
1982,Los Angeles Lakers,100,TRUE,1,55.99236943,3,TRUE
1996,Orlando Magic,46.66666667,FALSE,1,55.80487556,4,FALSE
1959,St. Louis Hawks,25,FALSE,1,55.74287934,2,FALSE
1994,Seattle SuperSonics,13.33333333,FALSE,1,55.66593665,3,FALSE
1961,St. Louis Hawks,62.5,FALSE,1,55.66333592,2,FALSE
1950,Syracuse Nationals,60,FALSE,1,55.61647097,1,TRUE
1991,Boston Celtics,33.33333333,FALSE,1,55.5986018,4,FALSE
1968,Boston Celtics,100,TRUE,1,55.58051606,2,TRUE
2011,Boston Celtics,31.25,FALSE,1,55.45094424,4,FALSE
2011,Chicago Bulls,56.25,FALSE,1,55.34293586,5,FALSE
1981,Milwaukee Bucks,25,FALSE,1,55.32588132,3,FALSE
2015,Atlanta Hawks,50,FALSE,1,55.13878609,2,FALSE
1966,Philadelphia 76ers,9.090909091,FALSE,1,55.0700257,2,FALSE
1963,Los Angeles Lakers,75,FALSE,1,54.91437968,2,TRUE
1954,Minneapolis Lakers,100,TRUE,1,54.74445872,1,TRUE
1986,Milwaukee Bucks,46.66666667,FALSE,1,54.67816459,3,FALSE
1980,Philadelphia 76ers,100,TRUE,1,54.56448288,3,TRUE
1968,Los Angeles Lakers,83.33333333,FALSE,1,54.50523232,3,TRUE
1950,Minneapolis Lakers,100,TRUE,1,54.38669604,2,TRUE
2021,Utah Jazz,37.5,FALSE,1,54.36260909,2,FALSE
1978,Portland Trail Blazers,14.28571429,FALSE,1,54.28583988,1,FALSE
1997,Miami Heat,53.33333333,FALSE,1,54.04070057,5,FALSE
1962,Los Angeles Lakers,87.5,FALSE,1,53.45423186,2,TRUE
1974,Boston Celtics,100,TRUE,1,53.44391072,2,TRUE
2005,Detroit Pistons,93.75,FALSE,1,52.98256869,4,TRUE
2001,Los Angeles Lakers,100,TRUE,1,52.65144609,2,TRUE
2014,Los Angeles Clippers,37.5,FALSE,1,52.63624894,3,FALSE
2005,Phoenix Suns,56.25,FALSE,1,52.57725921,5,FALSE
1983,Boston Celtics,16.66666667,FALSE,1,52.01594562,3,FALSE
2014,Miami Heat,81.25,FALSE,1,51.98191811,4,TRUE
1969,Philadelphia 76ers,8.333333333,FALSE,1,51.9486003,1,FALSE
2015,San Antonio Spurs,18.75,FALSE,1,51.88060898,3,FALSE
1995,Orlando Magic,73.33333333,FALSE,1,51.78088005,4,TRUE
1964,Cincinnati Royals,50,FALSE,1,51.4722817,2,FALSE
1969,Los Angeles Lakers,91.66666667,FALSE,1,51.36407626,2,TRUE
2008,San Antonio Spurs,56.25,FALSE,1,50.94964329,4,FALSE
2020,Boston Celtics,62.5,FALSE,1,50.78044057,4,FALSE
1950,Rochester Royals,0,FALSE,1,50.68564171,3,FALSE
2011,Dallas Mavericks,100,TRUE,1,50.61933647,6,TRUE
1957,Boston Celtics,100,TRUE,1,50.4530308,1,TRUE
2004,Los Angeles Lakers,81.25,FALSE,1,50.25522241,4,TRUE
1997,New York Knicks,40,FALSE,1,50.10811998,6,FALSE
1999,Portland Trail Blazers,46.66666667,FALSE,1,49.87760908,3,FALSE
2020,Los Angeles Clippers,43.75,FALSE,1,49.65588775,5,FALSE
1981,Phoenix Suns,25,FALSE,1,49.60928326,4,FALSE
2007,Detroit Pistons,62.5,FALSE,1,49.53978456,4,FALSE
1980,Seattle SuperSonics,58.33333333,FALSE,1,49.4478196,4,FALSE
1994,Chicago Bulls,40,FALSE,1,49.44516659,4,FALSE
2000,Indiana Pacers,86.66666667,FALSE,1,49.21487976,3,TRUE
2000,San Antonio Spurs,6.666666667,FALSE,1,49.21456962,4,FALSE
1956,Philadelphia Warriors,100,TRUE,1,49.17596344,1,TRUE
2021,Milwaukee Bucks,100,TRUE,1,48.93404372,3,TRUE
1995,Seattle SuperSonics,6.666666667,FALSE,1,48.86381584,5,FALSE
1987,Atlanta Hawks,26.66666667,FALSE,1,48.67982436,3,FALSE
1979,Washington Bullets,75,FALSE,1,48.60718108,1,TRUE
1994,Phoenix Suns,40,FALSE,1,48.53893133,5,FALSE
1972,Boston Celtics,41.66666667,FALSE,1,48.48801605,3,FALSE
1951,Minneapolis Lakers,33.33333333,FALSE,1,48.07723819,1,FALSE
1960,St. Louis Hawks,87.5,FALSE,1,47.7686919,2,TRUE
2016,Oklahoma City Thunder,68.75,FALSE,1,47.65615028,4,FALSE
1971,New York Knicks,58.33333333,FALSE,1,47.61578988,2,FALSE
1953,New York Knicks,66.66666667,FALSE,1,47.37031567,2,TRUE
2022,Golden State Warriors,100,TRUE,1,47.31951795,2,TRUE
1972,Chicago Bulls,0,FALSE,1,47.23714174,4,FALSE
1992,Utah Jazz,60,FALSE,1,47.06721434,3,FALSE
1976,Boston Celtics,100,TRUE,1,46.8736177,2,TRUE
1978,Philadelphia 76ers,42.85714286,FALSE,1,46.75576915,2,FALSE
2021,Philadelphia 76ers,43.75,FALSE,1,46.64546617,4,FALSE
1952,Minneapolis Lakers,100,TRUE,1,46.61718217,1,TRUE
2022,Boston Celtics,87.5,FALSE,1,46.48714969,3,TRUE
2009,San Antonio Spurs,6.25,FALSE,1,46.35633611,5,FALSE
1998,Phoenix Suns,6.666666667,FALSE,1,46.22941452,6,FALSE
1989,Cleveland Cavaliers,13.33333333,FALSE,1,45.99496602,3,FALSE
2023,Denver Nuggets,100,TRUE,1,45.92519142,3,TRUE
2013,Los Angeles Clippers,12.5,FALSE,1,45.81324598,4,FALSE
1993,Seattle SuperSonics,66.66666667,FALSE,1,45.8056,4,FALSE
1996,Utah Jazz,66.66666667,FALSE,1,45.71873976,5,FALSE
2015,Los Angeles Clippers,43.75,FALSE,1,45.59309813,4,FALSE
1992,Phoenix Suns,26.66666667,FALSE,1,45.58571652,4,FALSE
1968,St. Louis Hawks,16.66666667,FALSE,1,45.58173981,4,FALSE
1995,New York Knicks,40,FALSE,1,45.55985943,6,FALSE
1981,Los Angeles Lakers,8.333333333,FALSE,1,45.45151869,5,FALSE
2021,Los Angeles Clippers,62.5,FALSE,1,45.41621437,5,FALSE
2004,Detroit Pistons,100,TRUE,1,45.26794456,5,TRUE
1969,Boston Celtics,100,TRUE,1,45.11839588,3,TRUE
2021,Brooklyn Nets,43.75,FALSE,1,44.89897811,6,FALSE
2014,Indiana Pacers,62.5,FALSE,1,44.85721714,5,FALSE
1952,Syracuse Nationals,33.33333333,FALSE,1,44.70440177,2,FALSE
1994,Atlanta Hawks,33.33333333,FALSE,1,44.6870803,6,FALSE
1969,Baltimore Bullets,0,FALSE,1,44.6428325,4,FALSE
2008,Utah Jazz,37.5,FALSE,1,44.41225074,5,FALSE
2015,Cleveland Cavaliers,87.5,FALSE,1,44.31296445,5,TRUE
1984,Philadelphia 76ers,13.33333333,FALSE,1,44.26282414,3,FALSE
1982,Seattle SuperSonics,25,FALSE,1,44.20327439,4,FALSE
1980,Phoenix Suns,25,FALSE,1,44.12992804,5,FALSE
2011,Orlando Magic,12.5,FALSE,1,43.91792171,7,FALSE
2022,Memphis Grizzlies,37.5,FALSE,1,43.88829439,4,FALSE
1992,Cleveland Cavaliers,60,FALSE,1,43.88465509,5,FALSE
1969,New York Knicks,50,FALSE,1,43.80495023,5,FALSE
1990,Boston Celtics,13.33333333,FALSE,1,43.67445043,4,FALSE
2013,Denver Nuggets,12.5,FALSE,1,43.52928623,5,FALSE
1965,Los Angeles Lakers,62.5,FALSE,1,43.420906,2,FALSE
1998,San Antonio Spurs,26.66666667,FALSE,1,43.32535717,7,FALSE
2001,Philadelphia 76ers,80,FALSE,1,43.10181996,3,TRUE
2002,Dallas Mavericks,26.66666667,FALSE,1,42.99933005,4,FALSE
1953,Syracuse Nationals,0,FALSE,1,42.71830057,3,FALSE
1952,Rochester Royals,33.33333333,FALSE,1,42.64595924,3,FALSE
1989,Phoenix Suns,46.66666667,FALSE,1,42.55266234,4,FALSE
1993,Cleveland Cavaliers,20,FALSE,1,42.54440822,5,FALSE
1954,Syracuse Nationals,100,TRUE,1,42.36553351,2,TRUE
2006,Miami Heat,100,TRUE,1,42.30601916,4,TRUE
2017,Cleveland Cavaliers,81.25,FALSE,1,42.30018864,3,TRUE
1987,Dallas Mavericks,6.666666667,FALSE,1,42.23310035,4,FALSE
2019,Houston Rockets,37.5,FALSE,1,42.095678,4,FALSE
2001,Sacramento Kings,20,FALSE,1,41.9567173,4,FALSE
1958,St. Louis Hawks,100,TRUE,1,41.78618261,2,TRUE
2001,Milwaukee Bucks,66.66666667,FALSE,1,41.7417081,5,FALSE
1970,Milwaukee Bucks,41.66666667,FALSE,1,41.72571758,2,FALSE
1977,Portland Trail Blazers,100,TRUE,1,41.62310152,1,TRUE
1979,Seattle SuperSonics,100,TRUE,1,41.49605604,2,TRUE
1997,Los Angeles Lakers,26.66666667,FALSE,1,41.40272925,7,FALSE
1990,Philadelphia 76ers,26.66666667,FALSE,1,41.30944154,5,FALSE
1953,Boston Celtics,33.33333333,FALSE,1,41.08587229,4,FALSE
2010,Phoenix Suns,62.5,FALSE,1,40.90066115,4,FALSE
2006,Phoenix Suns,62.5,FALSE,1,40.72487306,5,FALSE
1964,San Francisco Warriors,62.5,FALSE,1,40.56014084,3,FALSE
1983,San Antonio Spurs,50,FALSE,1,40.55127189,4,FALSE
1953,Rochester Royals,11.11111111,FALSE,1,40.53871216,5,FALSE
2018,Boston Celtics,68.75,FALSE,1,40.50561727,4,FALSE
1973,Baltimore Bullets,8.333333333,FALSE,1,40.4809419,5,FALSE
1988,Detroit Pistons,93.33333333,FALSE,1,40.46907091,3,TRUE
2016,Toronto Raptors,62.5,FALSE,1,40.46566094,5,FALSE
2000,Utah Jazz,26.66666667,FALSE,1,40.46480086,5,FALSE
2022,Miami Heat,68.75,FALSE,1,40.38928071,5,FALSE
1988,Denver Nuggets,33.33333333,FALSE,1,40.32740538,4,FALSE
2013,New York Knicks,37.5,FALSE,1,40.20570709,6,FALSE
2021,Denver Nuggets,25,FALSE,1,40.10876462,7,FALSE
1951,Philadelphia Warriors,0,FALSE,1,40.06121047,2,FALSE
1962,Philadelphia Warriors,75,FALSE,1,39.97067149,3,FALSE
1991,Phoenix Suns,6.666666667,FALSE,1,39.78538479,5,FALSE
2009,Houston Rockets,43.75,FALSE,1,39.74892053,6,FALSE
1995,Indiana Pacers,66.66666667,FALSE,1,39.74183063,7,FALSE
1983,Phoenix Suns,8.333333333,FALSE,1,39.70375651,5,FALSE
1986,Philadelphia 76ers,40,FALSE,1,39.69478564,4,FALSE
1955,Syracuse Nationals,100,TRUE,1,39.63115861,1,TRUE
1996,Los Angeles Lakers,6.666666667,FALSE,1,39.41502273,6,FALSE
1988,Dallas Mavericks,66.66666667,FALSE,1,39.33938815,5,FALSE
1993,Portland Trail Blazers,6.666666667,FALSE,1,39.33152113,6,FALSE
1990,Chicago Bulls,66.66666667,FALSE,1,39.28721769,6,FALSE
1963,Syracuse Nationals,25,FALSE,1,39.23821498,3,FALSE
1960,Philadelphia Warriors,50,FALSE,1,39.18859116,3,FALSE
1952,Boston Celtics,11.11111111,FALSE,1,39.10737163,4,FALSE
2002,New Jersey Nets,73.33333333,FALSE,1,39.02207991,5,TRUE
1954,Rochester Royals,33.33333333,FALSE,1,38.84498539,3,FALSE
2008,Phoenix Suns,6.25,FALSE,1,38.82429547,6,FALSE
2017,Houston Rockets,37.5,FALSE,1,38.7981243,4,FALSE
1990,Phoenix Suns,60,FALSE,1,38.79415184,7,FALSE
1982,Milwaukee Bucks,16.66666667,FALSE,1,38.66104584,5,FALSE
1999,Indiana Pacers,60,FALSE,1,38.61658624,4,FALSE
1996,Indiana Pacers,13.33333333,FALSE,1,38.59755206,7,FALSE
1988,Portland Trail Blazers,6.666666667,FALSE,1,38.58426598,6,FALSE
2022,Milwaukee Bucks,43.75,FALSE,1,38.40775036,6,FALSE
1994,Utah Jazz,53.33333333,FALSE,1,38.37894722,7,FALSE
1993,Houston Rockets,40,FALSE,1,38.29039063,7,FALSE
2010,Denver Nuggets,12.5,FALSE,1,38.28284524,5,FALSE
1960,Syracuse Nationals,12.5,FALSE,1,38.24674447,4,FALSE
2001,Utah Jazz,13.33333333,FALSE,1,38.18922986,6,FALSE
2015,Houston Rockets,56.25,FALSE,1,38.09999219,6,FALSE
1999,Miami Heat,13.33333333,FALSE,1,38.07791097,5,FALSE
1965,Cincinnati Royals,12.5,FALSE,1,38.03727455,3,FALSE
1964,St. Louis Hawks,75,FALSE,1,37.92157694,4,TRUE
2000,Miami Heat,40,FALSE,1,37.88234385,6,FALSE
1994,San Antonio Spurs,6.666666667,FALSE,1,37.86254204,8,FALSE
1954,New York Knicks,0,FALSE,1,37.84054144,4,FALSE
1989,New York Knicks,33.33333333,FALSE,1,37.78745475,5,FALSE
2008,Orlando Magic,31.25,FALSE,1,37.78569519,7,FALSE
2012,Indiana Pacers,37.5,FALSE,1,37.71390142,5,FALSE
1966,Los Angeles Lakers,63.63636364,FALSE,1,37.69907048,3,TRUE
1977,Philadelphia 76ers,71.42857143,FALSE,1,37.62490632,2,TRUE
1991,San Antonio Spurs,6.666666667,FALSE,1,37.59895138,6,FALSE
2009,Portland Trail Blazers,12.5,FALSE,1,37.5502692,7,FALSE
1951,Rochester Royals,100,TRUE,1,37.4937218,3,TRUE
2009,Denver Nuggets,62.5,FALSE,1,37.44481227,8,FALSE
1971,Los Angeles Lakers,41.66666667,FALSE,1,37.40972126,3,FALSE
1997,Atlanta Hawks,26.66666667,FALSE,1,37.40944676,8,FALSE
1977,Los Angeles Lakers,28.57142857,FALSE,1,37.38159468,3,FALSE
2004,Sacramento Kings,43.75,FALSE,1,37.37632881,6,FALSE
1990,San Antonio Spurs,40,FALSE,1,37.25173482,8,FALSE
2022,Dallas Mavericks,56.25,FALSE,1,37.23031568,7,FALSE
1958,Syracuse Nationals,12.5,FALSE,1,37.22177874,3,FALSE
1989,Utah Jazz,0,FALSE,1,37.06536101,6,FALSE
2008,New Orleans Hornets,43.75,FALSE,1,37.03750998,8,FALSE
1955,Fort Wayne Pistons,85.71428571,FALSE,1,37.01436241,2,TRUE
1974,New York Knicks,41.66666667,FALSE,1,37.01126631,3,FALSE
2010,Atlanta Hawks,25,FALSE,1,36.92737607,6,FALSE
2013,Memphis Grizzlies,50,FALSE,1,36.87983464,7,FALSE
1963,St. Louis Hawks,75,FALSE,1,36.808587,4,TRUE
2023,Memphis Grizzlies,12.5,FALSE,1,36.72942793,4,FALSE
1954,Boston Celtics,22.22222222,FALSE,1,36.67604141,5,FALSE
2017,Boston Celtics,56.25,FALSE,1,36.666379,5,FALSE
2023,Philadelphia 76ers,43.75,FALSE,1,36.65391556,5,FALSE
1950,Indianapolis Olympians,30,FALSE,1,36.62534412,4,FALSE
2016,Los Angeles Clippers,12.5,FALSE,1,36.56788794,6,FALSE
1991,Houston Rockets,0,FALSE,1,36.4930714,7,FALSE
2019,Portland Trail Blazers,50,FALSE,1,36.2803854,5,FALSE
1981,San Antonio Spurs,25,FALSE,1,36.18296149,6,FALSE
1992,Boston Celtics,40,FALSE,1,36.16248481,6,FALSE
1961,Philadelphia Warriors,0,FALSE,1,36.02235317,3,FALSE
1974,Chicago Bulls,33.33333333,FALSE,1,36.00099094,4,FALSE
2003,New Jersey Nets,87.5,FALSE,1,35.98803261,4,TRUE
2023,Cleveland Cavaliers,6.25,FALSE,1,35.96963597,6,FALSE
2018,Philadelphia 76ers,31.25,FALSE,1,35.92075197,5,FALSE
2015,Memphis Grizzlies,37.5,FALSE,1,35.87496223,7,FALSE
1985,Denver Nuggets,53.33333333,FALSE,1,35.71634007,5,FALSE
1999,Orlando Magic,6.666666667,FALSE,1,35.63038831,6,FALSE
1970,Baltimore Bullets,25,FALSE,1,35.52945336,3,FALSE
2017,Toronto Raptors,25,FALSE,1,35.31862478,6,FALSE
1972,Golden State Warriors,8.333333333,FALSE,1,35.29598809,5,FALSE
1956,Boston Celtics,14.28571429,FALSE,1,35.26098103,2,FALSE
1992,Golden State Warriors,6.666666667,FALSE,1,35.18492792,7,FALSE
1999,Los Angeles Lakers,20,FALSE,1,35.14618684,7,FALSE
1968,San Francisco Warriors,33.33333333,FALSE,1,35.14497461,5,FALSE
1971,Chicago Bulls,25,FALSE,1,35.08002716,4,FALSE
1952,New York Knicks,88.88888889,FALSE,1,35.06304576,5,TRUE
1991,Utah Jazz,26.66666667,FALSE,1,35.02338448,8,FALSE
2010,Dallas Mavericks,12.5,FALSE,1,34.96376147,7,FALSE
2014,Houston Rockets,12.5,FALSE,1,34.76126548,6,FALSE
2004,Dallas Mavericks,6.25,FALSE,1,34.75414667,7,FALSE
1974,Los Angeles Lakers,8.333333333,FALSE,1,34.72857477,5,FALSE
1991,Detroit Pistons,46.66666667,FALSE,1,34.68350542,9,FALSE
1973,Golden State Warriors,41.66666667,FALSE,1,34.68288583,6,FALSE
2010,Utah Jazz,25,FALSE,1,34.59691455,8,FALSE
1956,Fort Wayne Pistons,57.14285714,FALSE,1,34.5954488,3,TRUE
1973,Chicago Bulls,25,FALSE,1,34.5682963,7,FALSE
1999,Houston Rockets,6.666666667,FALSE,1,34.53082886,8,FALSE
1969,Atlanta Hawks,41.66666667,FALSE,1,34.47504783,6,FALSE
1975,Golden State Warriors,100,TRUE,1,34.46134287,3,TRUE
1972,New York Knicks,75,FALSE,1,34.45505291,6,TRUE
1987,Detroit Pistons,66.66666667,FALSE,1,34.31561504,5,FALSE
1967,San Francisco Warriors,81.81818182,FALSE,1,34.27670573,3,TRUE
1978,San Antonio Spurs,14.28571429,FALSE,1,34.2609238,3,FALSE
1962,Detroit Pistons,62.5,FALSE,1,34.17282177,4,FALSE
2008,Houston Rockets,12.5,FALSE,1,34.16608769,9,FALSE
2019,Philadelphia 76ers,43.75,FALSE,1,34.11179788,6,FALSE
1956,Syracuse Nationals,57.14285714,FALSE,1,34.08398931,4,TRUE
1974,Detroit Pistons,25,FALSE,1,34.05069079,6,FALSE
1989,Atlanta Hawks,13.33333333,FALSE,1,33.95190676,7,FALSE
1955,Minneapolis Lakers,42.85714286,FALSE,1,33.93221371,3,FALSE
1998,Miami Heat,13.33333333,FALSE,1,33.9303615,8,FALSE
1990,Utah Jazz,13.33333333,FALSE,1,33.89225844,9,FALSE
1951,New York Knicks,88.88888889,FALSE,1,33.83204589,4,TRUE
2019,Denver Nuggets,43.75,FALSE,1,33.81590688,7,FALSE
1977,Denver Nuggets,14.28571429,FALSE,1,33.74778523,4,FALSE
1959,Syracuse Nationals,62.5,FALSE,1,33.69656624,3,FALSE
2000,Phoenix Suns,26.66666667,FALSE,1,33.6268791,7,FALSE
1979,Phoenix Suns,75,FALSE,1,33.45504653,3,TRUE
1961,Syracuse Nationals,50,FALSE,1,33.44835639,4,FALSE
2014,Portland Trail Blazers,31.25,FALSE,1,33.43509448,7,FALSE
2011,Oklahoma City Thunder,56.25,FALSE,1,33.428797,8,FALSE
1997,Detroit Pistons,13.33333333,FALSE,1,33.36581078,9,FALSE
1955,Boston Celtics,42.85714286,FALSE,1,33.36106278,4,FALSE
2012,Los Angeles Lakers,31.25,FALSE,1,33.33793379,6,FALSE
2017,Los Angeles Clippers,18.75,FALSE,1,33.21575575,7,FALSE
1966,Cincinnati Royals,18.18181818,FALSE,1,33.2078612,4,FALSE
2001,Dallas Mavericks,26.66666667,FALSE,1,33.19146544,7,FALSE
2020,Houston Rockets,31.25,FALSE,1,33.15593764,6,FALSE
1964,Los Angeles Lakers,25,FALSE,1,33.00215461,5,FALSE
2007,Houston Rockets,18.75,FALSE,1,32.99573594,5,FALSE
1999,Atlanta Hawks,20,FALSE,1,32.95650205,9,FALSE
1986,Houston Rockets,86.66666667,FALSE,1,32.89739413,5,TRUE
2012,Boston Celtics,68.75,FALSE,1,32.85563688,7,FALSE
2020,Miami Heat,87.5,FALSE,1,32.80362592,7,TRUE
2018,Cleveland Cavaliers,75,FALSE,1,32.79441769,6,TRUE
1992,New York Knicks,40,FALSE,1,32.74381636,8,FALSE
1954,Fort Wayne Pistons,0,FALSE,1,32.70127305,6,FALSE
2000,New York Knicks,60,FALSE,1,32.65204839,8,FALSE
1978,Phoenix Suns,0,FALSE,1,32.64851972,4,FALSE
1957,Philadelphia Warriors,0,FALSE,1,32.6046026,2,FALSE
1975,Chicago Bulls,58.33333333,FALSE,1,32.58606777,4,FALSE
2008,Dallas Mavericks,6.25,FALSE,1,32.45616835,10,FALSE
1972,Phoenix Suns,0,FALSE,0,32.32982767,7,FALSE
2020,Denver Nuggets,56.25,FALSE,1,32.25786295,8,FALSE
1962,Syracuse Nationals,25,FALSE,1,32.24304717,5,FALSE
2012,Atlanta Hawks,12.5,FALSE,1,32.23202048,8,FALSE
1971,Philadelphia 76ers,25,FALSE,1,32.22709109,5,FALSE
2010,Boston Celtics,93.75,FALSE,1,32.14568259,9,TRUE
2013,Indiana Pacers,68.75,FALSE,1,31.95936423,8,FALSE
1976,Washington Bullets,25,FALSE,1,31.94931267,3,FALSE
1958,Philadelphia Warriors,37.5,FALSE,1,31.9007052,4,FALSE
2020,Indiana Pacers,0,FALSE,1,31.86588522,9,FALSE
1955,New York Knicks,14.28571429,FALSE,1,31.85164635,5,FALSE
1965,Philadelphia 76ers,75,FALSE,1,31.73887311,4,TRUE
1959,Minneapolis Lakers,75,FALSE,1,31.45034889,4,TRUE
1983,Milwaukee Bucks,41.66666667,FALSE,1,31.38439542,6,FALSE
2001,Phoenix Suns,6.666666667,FALSE,1,31.25390665,8,FALSE
1957,Minneapolis Lakers,28.57142857,FALSE,1,31.24633792,3,FALSE
1951,Syracuse Nationals,44.44444444,FALSE,1,31.15986401,5,FALSE
2003,Detroit Pistons,50,FALSE,1,31.13294822,5,FALSE
1997,Charlotte Hornets,0,FALSE,1,31.05375904,10,FALSE
1961,Detroit Pistons,25,FALSE,1,30.55656427,5,FALSE
2022,Utah Jazz,12.5,FALSE,1,30.53698038,8,FALSE
2005,Houston Rockets,18.75,FALSE,1,30.29594491,6,FALSE
1950,Anderson Packers,40,FALSE,1,30.22433416,5,FALSE
2005,Seattle SuperSonics,37.5,FALSE,1,30.1979139,7,FALSE
1951,Boston Celtics,0,FALSE,1,30.17500475,6,FALSE
2007,Cleveland Cavaliers,75,FALSE,1,30.17047308,6,TRUE
1965,St. Louis Hawks,12.5,FALSE,1,30.09394407,5,FALSE
2015,Portland Trail Blazers,6.25,FALSE,1,29.81136784,8,FALSE
2001,Miami Heat,0,FALSE,1,29.79157484,9,FALSE
1976,Cleveland Cavaliers,50,FALSE,1,29.7491233,4,FALSE
1980,Milwaukee Bucks,25,FALSE,1,29.71321073,6,FALSE
1963,Cincinnati Royals,75,FALSE,1,29.68748881,5,TRUE
2017,Utah Jazz,25,FALSE,1,29.60450557,8,FALSE
2014,Golden State Warriors,18.75,FALSE,1,29.32995672,8,FALSE
1968,New York Knicks,16.66666667,FALSE,1,29.294458,6,FALSE
1971,Phoenix Suns,0,FALSE,0,29.24510329,6,FALSE
1950,Fort Wayne Pistons,20,FALSE,1,29.24336504,6,FALSE
2007,Utah Jazz,56.25,FALSE,1,29.23679385,7,FALSE
2010,San Antonio Spurs,25,FALSE,1,29.2153624,10,FALSE
2022,Philadelphia 76ers,37.5,FALSE,1,29.19077381,9,FALSE
1984,Milwaukee Bucks,53.33333333,FALSE,1,29.16756391,4,FALSE
2015,Chicago Bulls,37.5,FALSE,1,29.16369944,9,FALSE
2003,Los Angeles Lakers,37.5,FALSE,1,29.07112861,6,FALSE
2001,Portland Trail Blazers,0,FALSE,1,28.71963447,10,FALSE
1995,Charlotte Hornets,6.666666667,FALSE,1,28.53577896,8,FALSE
1975,Buffalo Braves,25,FALSE,1,28.33017919,5,FALSE
2019,Boston Celtics,31.25,FALSE,1,28.3276775,8,FALSE
1958,New York Knicks,0,FALSE,0,28.29859314,5,FALSE
1994,Orlando Magic,0,FALSE,1,28.24967489,9,FALSE
1974,Capital Bullets,25,FALSE,1,28.24688854,7,FALSE
2003,Minnesota Timberwolves,12.5,FALSE,1,28.19772545,7,FALSE
1980,Kansas City Kings,8.333333333,FALSE,1,28.12890266,7,FALSE
1961,Los Angeles Lakers,75,FALSE,1,28.08343977,6,TRUE
2020,Oklahoma City Thunder,18.75,FALSE,1,28.05615627,10,FALSE
2009,Dallas Mavericks,31.25,FALSE,1,28.01131497,9,FALSE
2012,Memphis Grizzlies,18.75,FALSE,1,27.76012334,9,FALSE
1970,Los Angeles Lakers,91.66666667,FALSE,1,27.6108,4,TRUE
2007,Chicago Bulls,37.5,FALSE,1,27.33846661,8,FALSE
2001,New York Knicks,13.33333333,FALSE,1,27.21995778,11,FALSE
1950,New York Knicks,30,FALSE,1,27.21383024,7,FALSE
1980,Atlanta Hawks,8.333333333,FALSE,1,27.20380297,8,FALSE
1959,New York Knicks,0,FALSE,1,27.04519723,5,FALSE
1971,Baltimore Bullets,66.66666667,FALSE,1,26.9255967,7,TRUE
1976,Philadelphia 76ers,8.333333333,FALSE,1,26.91293,5,FALSE
1998,Charlotte Hornets,26.66666667,FALSE,1,26.90897795,9,FALSE
1977,Boston Celtics,35.71428571,FALSE,1,26.8907554,5,FALSE
1953,Fort Wayne Pistons,44.44444444,FALSE,1,26.88515428,6,FALSE
2020,Utah Jazz,18.75,FALSE,1,26.88307382,11,FALSE
1987,Milwaukee Bucks,40,FALSE,1,26.86889609,6,FALSE
1978,Seattle SuperSonics,92.85714286,FALSE,1,26.73298882,5,TRUE
2004,New Jersey Nets,43.75,FALSE,1,26.49940696,8,FALSE
1999,New York Knicks,80,FALSE,1,26.49381366,10,TRUE
2002,Detroit Pistons,26.66666667,FALSE,1,26.41999334,6,FALSE
1950,Chicago Stags,0,FALSE,1,26.18939899,8,FALSE
1970,Philadelphia 76ers,8.333333333,FALSE,1,26.18430628,5,FALSE
2010,Portland Trail Blazers,12.5,FALSE,1,26.14446624,11,FALSE
1997,Portland Trail Blazers,6.666666667,FALSE,1,26.00019264,11,FALSE
2019,Utah Jazz,6.25,FALSE,1,25.96600319,9,FALSE
2012,Los Angeles Clippers,25,FALSE,1,25.94267175,10,FALSE
2011,Denver Nuggets,6.25,FALSE,1,25.91367048,9,FALSE
1999,Philadelphia 76ers,20,FALSE,1,25.91246184,11,FALSE
2019,Oklahoma City Thunder,6.25,FALSE,1,25.68630693,10,FALSE
1977,Washington Bullets,28.57142857,FALSE,1,25.45377506,6,FALSE
1970,Atlanta Hawks,33.33333333,FALSE,1,25.43997808,6,FALSE
1972,Seattle SuperSonics,0,FALSE,0,25.4228823,8,FALSE
2008,Denver Nuggets,0,FALSE,1,25.27601955,11,FALSE
1956,Minneapolis Lakers,14.28571429,FALSE,1,25.25047837,5,FALSE
1962,Cincinnati Royals,12.5,FALSE,1,25.06524023,6,FALSE
1952,Philadelphia Warriors,11.11111111,FALSE,1,25.06158234,6,FALSE
2000,Philadelphia 76ers,33.33333333,FALSE,1,25.02164515,9,FALSE
1988,Atlanta Hawks,40,FALSE,1,24.97459567,7,FALSE
2015,Toronto Raptors,0,FALSE,1,24.91730055,10,FALSE
1998,Atlanta Hawks,6.666666667,FALSE,1,24.8720972,10,FALSE
2005,Sacramento Kings,6.25,FALSE,1,24.76075427,8,FALSE
2002,Minnesota Timberwolves,0,FALSE,1,24.66268287,7,FALSE
2015,Dallas Mavericks,6.25,FALSE,1,24.61930698,11,FALSE
1987,Portland Trail Blazers,6.666666667,FALSE,1,24.58555503,7,FALSE
1988,Chicago Bulls,26.66666667,FALSE,1,24.52551348,8,FALSE
2010,Oklahoma City Thunder,12.5,FALSE,1,24.37935675,12,FALSE
2002,Boston Celtics,60,FALSE,1,24.19457311,8,FALSE
2006,New Jersey Nets,31.25,FALSE,1,24.17034628,6,FALSE
1957,St. Louis Hawks,85.71428571,FALSE,1,24.15788658,4,TRUE
1977,Golden State Warriors,35.71428571,FALSE,1,24.07596193,7,FALSE
2014,Memphis Grizzlies,18.75,FALSE,1,23.90097758,9,FALSE
1971,Boston Celtics,0,FALSE,0,23.82180311,8,FALSE
2003,Portland Trail Blazers,18.75,FALSE,1,23.67538689,8,FALSE
1976,Buffalo Braves,33.33333333,FALSE,1,23.53683122,6,FALSE
2004,Memphis Grizzlies,0,FALSE,1,23.53215354,9,FALSE
1957,Fort Wayne Pistons,0,FALSE,1,23.50066645,5,FALSE
1957,New York Knicks,0,FALSE,0,23.4401155,6,FALSE
1977,Houston Rockets,42.85714286,FALSE,1,23.41344173,8,FALSE
2003,Indiana Pacers,12.5,FALSE,1,23.40777564,9,FALSE
1993,San Antonio Spurs,33.33333333,FALSE,1,23.2438601,8,FALSE
2006,Cleveland Cavaliers,43.75,FALSE,1,23.2373247,7,FALSE
1989,Milwaukee Bucks,20,FALSE,1,23.23201697,8,FALSE
2000,Minnesota Timberwolves,6.666666667,FALSE,1,23.2195084,10,FALSE
2000,Charlotte Hornets,6.666666667,FALSE,1,23.20874655,11,FALSE
2017,Washington Wizards,43.75,FALSE,1,23.20767542,9,FALSE
1986,Atlanta Hawks,26.66666667,FALSE,1,23.16365822,6,FALSE
2013,Brooklyn Nets,18.75,FALSE,1,23.13448636,9,FALSE
1958,Detroit Pistons,37.5,FALSE,1,23.09191851,6,FALSE
2021,Los Angeles Lakers,12.5,FALSE,1,23.04957647,8,FALSE
1973,Atlanta Hawks,16.66666667,FALSE,1,23.04253323,8,FALSE
1994,Golden State Warriors,0,FALSE,1,22.87793429,10,FALSE
1981,New York Knicks,0,FALSE,1,22.87793429,7,FALSE
1995,Chicago Bulls,33.33333333,FALSE,1,22.83634276,9,FALSE
1966,Baltimore Bullets,0,FALSE,1,22.83293188,5,FALSE
1978,Washington Bullets,100,TRUE,1,22.81936136,6,TRUE
1957,Syracuse Nationals,28.57142857,FALSE,1,22.72882873,7,FALSE
2006,Memphis Grizzlies,0,FALSE,1,22.58989955,8,FALSE
2012,Philadelphia 76ers,43.75,FALSE,1,22.56995076,11,FALSE
1960,Detroit Pistons,0,FALSE,1,22.56102878,5,FALSE
1984,Detroit Pistons,13.33333333,FALSE,1,22.45946014,5,FALSE
1979,Atlanta Hawks,41.66666667,FALSE,1,22.22454439,4,FALSE
1988,Utah Jazz,40,FALSE,1,22.18351044,9,FALSE
2009,New Orleans Hornets,6.25,FALSE,1,22.09192113,10,FALSE
1975,Seattle SuperSonics,33.33333333,FALSE,1,22.04453442,6,FALSE
1956,New York Knicks,0,FALSE,1,22.03227141,6,FALSE
1983,New Jersey Nets,0,FALSE,1,21.98675329,7,FALSE
2002,Portland Trail Blazers,0,FALSE,1,21.92816668,9,FALSE
2005,Chicago Bulls,12.5,FALSE,1,21.46163611,9,FALSE
1978,Denver Nuggets,42.85714286,FALSE,1,21.43270256,7,FALSE
1983,Seattle SuperSonics,0,FALSE,1,21.33586469,8,FALSE
2016,Atlanta Hawks,25,FALSE,1,21.28563822,7,FALSE
2014,Dallas Mavericks,18.75,FALSE,1,21.24972425,10,FALSE
1996,Houston Rockets,20,FALSE,1,21.24766171,8,FALSE
1999,Detroit Pistons,13.33333333,FALSE,1,21.15293052,12,FALSE
1998,Cleveland Cavaliers,6.666666667,FALSE,1,21.09421606,11,FALSE
1994,Cleveland Cavaliers,0,FALSE,1,21.08895526,11,FALSE
2012,Denver Nuggets,18.75,FALSE,1,21.08332011,12,FALSE
1984,Portland Trail Blazers,13.33333333,FALSE,1,21.00937013,6,FALSE
2020,Philadelphia 76ers,0,FALSE,1,20.97275392,12,FALSE
2016,Boston Celtics,12.5,FALSE,1,20.95399079,8,FALSE
2019,Indiana Pacers,0,FALSE,1,20.83820881,11,FALSE
1951,Fort Wayne Pistons,11.11111111,FALSE,1,20.81759722,7,FALSE
2018,Oklahoma City Thunder,12.5,FALSE,1,20.79332445,7,FALSE
2018,Portland Trail Blazers,0,FALSE,1,20.75136119,8,FALSE
1979,Los Angeles Lakers,25,FALSE,1,20.73066938,5,FALSE
2020,Dallas Mavericks,12.5,FALSE,1,20.63464096,13,FALSE
1984,New York Knicks,40,FALSE,1,20.62671891,7,FALSE
1994,Indiana Pacers,66.66666667,FALSE,1,20.59403367,12,FALSE
1979,Kansas City Kings,8.333333333,FALSE,1,20.51542642,6,FALSE
1979,San Antonio Spurs,58.33333333,FALSE,1,20.50577144,7,FALSE
1992,San Antonio Spurs,0,FALSE,1,20.47437074,9,FALSE
2021,Atlanta Hawks,62.5,FALSE,1,20.41194039,9,FALSE
2014,Chicago Bulls,6.25,FALSE,1,20.40634755,11,FALSE
2005,Denver Nuggets,6.25,FALSE,1,20.40537207,10,FALSE
2021,Dallas Mavericks,18.75,FALSE,1,20.39885673,10,FALSE
2021,New York Knicks,6.25,FALSE,1,20.35450356,11,FALSE
1995,Houston Rockets,100,TRUE,1,20.34998601,10,TRUE
2018,Utah Jazz,31.25,FALSE,1,20.20743036,9,FALSE
2023,Sacramento Kings,18.75,FALSE,1,20.17715323,7,FALSE
2012,New York Knicks,6.25,FALSE,1,20.16334033,13,FALSE
1977,Chicago Bulls,7.142857143,FALSE,1,20.15318128,9,FALSE
2021,Portland Trail Blazers,12.5,FALSE,1,19.93559582,12,FALSE
2016,Charlotte Hornets,18.75,FALSE,1,19.89973985,9,FALSE
1986,Denver Nuggets,33.33333333,FALSE,1,19.7147037,7,FALSE
2017,Oklahoma City Thunder,6.25,FALSE,1,19.67105087,10,FALSE
1989,Seattle SuperSonics,20,FALSE,1,19.61001135,9,FALSE
2023,New York Knicks,37.5,FALSE,1,19.55068703,8,FALSE
1974,Golden State Warriors,0,FALSE,0,19.50846849,8,FALSE
2014,Toronto Raptors,18.75,FALSE,1,19.46524202,12,FALSE
1993,Utah Jazz,13.33333333,FALSE,1,19.45755629,9,FALSE
2003,Philadelphia 76ers,37.5,FALSE,1,19.4087203,10,FALSE
2018,San Antonio Spurs,6.25,FALSE,1,19.40806333,10,FALSE
1982,San Antonio Spurs,33.33333333,FALSE,1,19.39114825,6,FALSE
2012,Orlando Magic,6.25,FALSE,1,19.38755742,14,FALSE
2009,Utah Jazz,6.25,FALSE,1,19.38417283,11,FALSE
2003,New Orleans Hornets,12.5,FALSE,1,19.32011449,11,FALSE
2001,Charlotte Hornets,40,FALSE,1,19.20629741,12,FALSE
2018,Indiana Pacers,18.75,FALSE,1,19.09325183,11,FALSE
1985,Houston Rockets,13.33333333,FALSE,1,19.08589235,6,FALSE
1979,Philadelphia 76ers,41.66666667,FALSE,1,18.90503204,8,FALSE
1992,Detroit Pistons,13.33333333,FALSE,1,18.86792752,10,FALSE
2001,Toronto Raptors,40,FALSE,1,18.82781993,13,FALSE
2016,Miami Heat,43.75,FALSE,1,18.79066814,10,FALSE
1952,Indianapolis Olympians,0,FALSE,1,18.77874385,7,FALSE
2010,Miami Heat,6.25,FALSE,1,18.77110767,13,FALSE
1991,Milwaukee Bucks,0,FALSE,1,18.65519467,10,FALSE
1956,St. Louis Hawks,57.14285714,FALSE,1,18.61493742,7,TRUE
2022,Denver Nuggets,6.25,FALSE,1,18.5565124,10,FALSE
1975,Kansas City-Omaha Kings,16.66666667,FALSE,1,18.46358209,7,FALSE
1994,Portland Trail Blazers,6.666666667,FALSE,1,18.42947101,13,FALSE
1985,Detroit Pistons,33.33333333,FALSE,1,18.4114334,7,FALSE
1979,Denver Nuggets,8.333333333,FALSE,1,18.34813963,9,FALSE
2022,Toronto Raptors,12.5,FALSE,1,18.34591662,11,FALSE
2003,Utah Jazz,6.25,FALSE,1,18.28698544,12,FALSE
1951,Indianapolis Olympians,11.11111111,FALSE,1,18.25611704,8,FALSE
1978,Los Angeles Lakers,7.142857143,FALSE,1,18.22702625,8,FALSE
2004,Houston Rockets,6.25,FALSE,1,18.18993925,10,FALSE
1982,Phoenix Suns,16.66666667,FALSE,1,18.18663706,7,FALSE
1996,Cleveland Cavaliers,0,FALSE,1,18.1658324,9,FALSE
2019,San Antonio Spurs,18.75,FALSE,1,18.14823372,12,FALSE
2012,Dallas Mavericks,0,FALSE,1,18.12221868,15,FALSE
1977,Cleveland Cavaliers,7.142857143,FALSE,1,18.0427462,10,FALSE
2018,New Orleans Pelicans,31.25,FALSE,1,18.03839673,12,FALSE
2011,Portland Trail Blazers,12.5,FALSE,1,17.97097696,10,FALSE
1993,Boston Celtics,6.666666667,FALSE,1,17.95759704,10,FALSE
2019,Los Angeles Clippers,12.5,FALSE,1,17.93431041,13,FALSE
1999,Milwaukee Bucks,0,FALSE,1,17.79915184,13,FALSE
2006,Los Angeles Clippers,43.75,FALSE,1,17.79496036,9,FALSE
1995,Los Angeles Lakers,33.33333333,FALSE,1,17.78801647,11,FALSE
1978,Cleveland Cavaliers,0,FALSE,1,17.77241624,9,FALSE
1992,Seattle SuperSonics,26.66666667,FALSE,1,17.7569578,11,FALSE
2001,Minnesota Timberwolves,6.666666667,FALSE,1,17.74357488,14,FALSE
2018,Minnesota Timberwolves,6.25,FALSE,1,17.6836217,13,FALSE
2009,Atlanta Hawks,25,FALSE,1,17.6836217,12,FALSE
1989,Chicago Bulls,60,FALSE,1,17.6836217,10,FALSE
1999,Phoenix Suns,0,FALSE,1,17.60611347,14,FALSE
1982,Denver Nuggets,8.333333333,FALSE,1,17.58442332,8,FALSE
1999,Sacramento Kings,13.33333333,FALSE,1,17.53129879,15,FALSE
1982,Houston Rockets,8.333333333,FALSE,1,17.47690231,9,FALSE
1998,Portland Trail Blazers,6.666666667,FALSE,1,17.43171672,12,FALSE
1983,Denver Nuggets,25,FALSE,1,17.43028068,9,FALSE
1977,Detroit Pistons,7.142857143,FALSE,1,17.22122958,11,FALSE
1979,Portland Trail Blazers,8.333333333,FALSE,1,17.18945976,10,FALSE
2007,Toronto Raptors,12.5,FALSE,1,17.1192996,9,FALSE
1976,Seattle SuperSonics,16.66666667,FALSE,1,16.97650241,7,FALSE
1996,New York Knicks,26.66666667,FALSE,1,16.97161978,10,FALSE
1958,Minneapolis Lakers,0,FALSE,0,16.91090829,7,FALSE
2014,Phoenix Suns,0,FALSE,0,16.84506468,13,FALSE
2002,Philadelphia 76ers,13.33333333,FALSE,1,16.82601927,10,FALSE
1983,New York Knicks,16.66666667,FALSE,1,16.76446614,10,FALSE
1974,Buffalo Braves,16.66666667,FALSE,1,16.75964673,9,FALSE
1998,New York Knicks,26.66666667,FALSE,1,16.6674418,13,FALSE
2008,Golden State Warriors,0,FALSE,0,16.58067216,12,FALSE
1979,Houston Rockets,0,FALSE,1,16.55771929,11,FALSE
1988,Houston Rockets,6.666666667,FALSE,1,16.36008197,10,FALSE
1967,St. Louis Hawks,45.45454545,FALSE,1,16.31636593,4,FALSE
2021,Miami Heat,0,FALSE,1,16.22930446,13,FALSE
1999,Minnesota Timberwolves,6.666666667,FALSE,1,16.21773067,16,FALSE
2013,Golden State Warriors,37.5,FALSE,1,16.18240249,10,FALSE
2015,Washington Wizards,37.5,FALSE,1,16.16958936,12,FALSE
2010,Milwaukee Bucks,18.75,FALSE,1,16.16958936,14,FALSE
1983,Portland Trail Blazers,25,FALSE,1,16.16958936,11,FALSE
1986,Detroit Pistons,6.666666667,FALSE,1,16.1205815,8,FALSE
1996,Detroit Pistons,0,FALSE,1,16.06650065,11,FALSE
1990,Dallas Mavericks,0,FALSE,1,15.99026251,10,FALSE
2023,Miami Heat,81.25,FALSE,1,15.96417552,9,TRUE
2023,Golden State Warriors,37.5,FALSE,1,15.95979841,10,FALSE
1969,San Diego Rockets,16.66666667,FALSE,1,15.9062761,7,FALSE
2000,Sacramento Kings,13.33333333,FALSE,1,15.8523019,12,FALSE
1989,Denver Nuggets,0,FALSE,1,15.82139727,11,FALSE
2008,Cleveland Cavaliers,43.75,FALSE,1,15.82061461,13,FALSE
1996,Atlanta Hawks,26.66666667,FALSE,1,15.79317416,12,FALSE
1967,Los Angeles Lakers,0,FALSE,1,15.78082793,5,FALSE
2005,Indiana Pacers,37.5,FALSE,1,15.74684503,11,FALSE
2002,Charlotte Hornets,26.66666667,FALSE,1,15.69247413,11,FALSE
1987,Utah Jazz,13.33333333,FALSE,1,15.63734199,8,FALSE
1971,Detroit Pistons,0,FALSE,0,15.62998202,9,FALSE
1959,Detroit Pistons,12.5,FALSE,1,15.56136049,6,FALSE
2007,Miami Heat,0,FALSE,1,15.51165005,10,FALSE
1981,Portland Trail Blazers,8.333333333,FALSE,1,15.41172911,8,FALSE
2005,Memphis Grizzlies,0,FALSE,1,15.41151785,12,FALSE
2022,Chicago Bulls,6.25,FALSE,1,15.39228133,12,FALSE
2003,Boston Celtics,25,FALSE,1,15.36849204,13,FALSE
2013,Los Angeles Lakers,0,FALSE,1,15.34521637,11,FALSE
2013,Chicago Bulls,31.25,FALSE,1,15.32677487,12,FALSE
1988,Seattle SuperSonics,13.33333333,FALSE,1,15.32496768,11,FALSE
1986,Dallas Mavericks,33.33333333,FALSE,1,15.3226187,9,FALSE
1991,Golden State Warriors,26.66666667,FALSE,1,15.32045865,11,FALSE
2023,Phoenix Suns,37.5,FALSE,1,15.27307969,11,FALSE
2006,Los Angeles Lakers,18.75,FALSE,1,15.26751912,10,FALSE
1994,New Jersey Nets,6.666666667,FALSE,1,15.26506303,14,FALSE
1966,St. Louis Hawks,54.54545455,FALSE,1,15.24292898,6,FALSE
2023,Los Angeles Clippers,6.25,FALSE,1,15.23705527,12,FALSE
2018,Miami Heat,6.25,FALSE,1,15.23705527,14,FALSE
2016,Detroit Pistons,0,FALSE,1,15.22814312,11,FALSE
2010,Charlotte Bobcats,0,FALSE,1,15.19252202,15,FALSE
1985,Dallas Mavericks,6.666666667,FALSE,1,15.19252202,8,FALSE
2022,Brooklyn Nets,0,FALSE,1,15.18601105,13,FALSE
2013,Atlanta Hawks,12.5,FALSE,1,15.18297323,13,FALSE
2002,Orlando Magic,6.666666667,FALSE,1,15.18129515,12,FALSE
2016,Indiana Pacers,18.75,FALSE,1,15.15138811,12,FALSE
1996,Portland Trail Blazers,13.33333333,FALSE,1,15.12000105,13,FALSE
1992,Los Angeles Clippers,13.33333333,FALSE,1,15.10493048,12,FALSE
2007,Denver Nuggets,6.25,FALSE,1,15.06791353,11,FALSE
2000,Seattle SuperSonics,13.33333333,FALSE,1,15.06791353,13,FALSE
1984,New Jersey Nets,33.33333333,FALSE,1,15.06593517,8,FALSE
2002,Utah Jazz,6.666666667,FALSE,1,15.05356539,13,FALSE
2006,Sacramento Kings,12.5,FALSE,1,15.04931442,11,FALSE
1991,Philadelphia 76ers,26.66666667,FALSE,1,15.03783555,12,FALSE
1982,New Jersey Nets,0,FALSE,1,15.03756855,10,FALSE
1985,Portland Trail Blazers,26.66666667,FALSE,1,15.0350466,9,FALSE
2023,Brooklyn Nets,0,FALSE,1,15.02175195,13,FALSE
2016,Portland Trail Blazers,31.25,FALSE,1,15.00903214,13,FALSE
1997,Washington Bullets,0,FALSE,1,15.00903214,12,FALSE
2015,New Orleans Pelicans,0,FALSE,1,14.96762016,13,FALSE
1987,Philadelphia 76ers,13.33333333,FALSE,1,14.95264147,9,FALSE
2006,Denver Nuggets,6.25,FALSE,1,14.92614542,12,FALSE
1998,Minnesota Timberwolves,13.33333333,FALSE,1,14.91624471,14,FALSE
1989,Golden State Warriors,26.66666667,FALSE,1,14.91100212,12,FALSE
1990,Milwaukee Bucks,6.666666667,FALSE,1,14.63718773,11,FALSE
1997,Orlando Magic,13.33333333,FALSE,1,14.60792398,13,FALSE
1995,Portland Trail Blazers,0,FALSE,1,14.59242207,12,FALSE
1967,Cincinnati Royals,9.090909091,FALSE,1,14.41531718,6,FALSE
2009,Phoenix Suns,0,FALSE,0,14.33974291,13,FALSE
1960,Minneapolis Lakers,62.5,FALSE,1,14.33021044,6,FALSE
2022,Atlanta Hawks,6.25,FALSE,1,14.31130752,14,FALSE
2012,Utah Jazz,0,FALSE,1,14.2882943,16,FALSE
1990,Denver Nuggets,0,FALSE,1,14.27006016,12,FALSE
1982,Washington Bullets,25,FALSE,1,14.24270438,11,FALSE
1984,Dallas Mavericks,26.66666667,FALSE,1,14.22326183,9,FALSE
1976,Phoenix Suns,83.33333333,FALSE,1,14.20152707,8,TRUE
2018,Washington Wizards,12.5,FALSE,1,14.13319387,15,FALSE
1995,Cleveland Cavaliers,6.666666667,FALSE,1,14.09613886,13,FALSE
2013,Houston Rockets,12.5,FALSE,1,14.06603409,14,FALSE
1993,New Jersey Nets,13.33333333,FALSE,1,14.0597228,11,FALSE
2022,Minnesota Timberwolves,12.5,FALSE,1,14.03029141,15,FALSE
2008,Washington Wizards,12.5,FALSE,1,13.85643861,14,FALSE
2011,Memphis Grizzlies,43.75,FALSE,1,13.83128807,11,FALSE
1992,Los Angeles Lakers,6.666666667,FALSE,1,13.77526092,13,FALSE
2002,Seattle SuperSonics,13.33333333,FALSE,1,13.70985638,14,FALSE
1955,Rochester Royals,14.28571429,FALSE,1,13.69863339,6,FALSE
2021,Boston Celtics,6.25,FALSE,1,13.65103577,14,FALSE
2011,New Orleans Hornets,12.5,FALSE,1,13.64566064,12,FALSE
2018,Denver Nuggets,0,FALSE,0,13.61676146,16,FALSE
1950,Sheboygan Red Skins,10,FALSE,1,13.61297112,9,FALSE
2017,Atlanta Hawks,12.5,FALSE,1,13.54403402,11,FALSE
1989,Philadelphia 76ers,0,FALSE,1,13.51835842,13,FALSE
1991,Atlanta Hawks,13.33333333,FALSE,1,13.51550327,13,FALSE
1983,Atlanta Hawks,8.333333333,FALSE,1,13.42648293,12,FALSE
1993,Atlanta Hawks,0,FALSE,1,13.40958781,12,FALSE
1965,Baltimore Bullets,62.5,FALSE,1,13.33065912,6,FALSE
1987,Houston Rockets,33.33333333,FALSE,1,13.17738567,10,FALSE
1970,Phoenix Suns,25,FALSE,1,13.16504456,7,FALSE
2015,Oklahoma City Thunder,0,FALSE,0,13.15367564,14,FALSE
1977,San Antonio Spurs,0,FALSE,1,13.14261926,12,FALSE
1994,Miami Heat,13.33333333,FALSE,1,13.12729683,15,FALSE
1996,Miami Heat,0,FALSE,1,12.77549583,14,FALSE
2013,Boston Celtics,12.5,FALSE,1,12.77358895,15,FALSE
2019,Orlando Magic,6.25,FALSE,1,12.72013321,14,FALSE
2011,New York Knicks,0,FALSE,1,12.72013321,13,FALSE
1995,Atlanta Hawks,0,FALSE,1,12.72013321,14,FALSE
1988,Milwaukee Bucks,13.33333333,FALSE,1,12.71832669,12,FALSE
1988,Cleveland Cavaliers,13.33333333,FALSE,1,12.71832669,12,FALSE
1984,Utah Jazz,33.33333333,FALSE,1,12.71620788,10,FALSE
1983,Kansas City Kings,0,FALSE,0,12.6918095,13,FALSE
1955,Philadelphia Warriors,0,FALSE,0,12.65254578,7,FALSE
2006,Washington Wizards,12.5,FALSE,1,12.64924553,13,FALSE
2003,Orlando Magic,18.75,FALSE,1,12.64061641,14,FALSE
1985,New Jersey Nets,0,FALSE,1,12.63957996,10,FALSE
1999,Charlotte Hornets,0,FALSE,0,12.62998609,17,FALSE
1984,Seattle SuperSonics,13.33333333,FALSE,1,12.62658689,11,FALSE
2003,Milwaukee Bucks,12.5,FALSE,1,12.60057995,15,FALSE
2000,Milwaukee Bucks,13.33333333,FALSE,1,12.60057995,14,FALSE
2002,Indiana Pacers,13.33333333,FALSE,1,12.5779439,15,FALSE
1963,Detroit Pistons,12.5,FALSE,1,12.57094375,6,FALSE
2005,Minnesota Timberwolves,0,FALSE,0,12.56951448,13,FALSE
2017,Milwaukee Bucks,12.5,FALSE,1,12.56544674,12,FALSE
2007,Los Angeles Lakers,6.25,FALSE,1,12.56228292,12,FALSE
2017,Indiana Pacers,0,FALSE,1,12.53717272,13,FALSE
1989,Houston Rockets,6.666666667,FALSE,1,12.52766581,14,FALSE
1986,Utah Jazz,6.666666667,FALSE,1,12.50361422,10,FALSE
1978,Milwaukee Bucks,35.71428571,FALSE,1,12.49474992,10,FALSE
2007,Golden State Warriors,31.25,FALSE,1,12.49325431,13,FALSE
2005,Boston Celtics,18.75,FALSE,1,12.49304511,14,FALSE
1990,Cleveland Cavaliers,13.33333333,FALSE,1,12.48614333,13,FALSE
2023,Minnesota Timberwolves,6.25,FALSE,1,12.47377363,14,FALSE
2016,Dallas Mavericks,6.25,FALSE,1,12.45658776,14,FALSE
1990,New York Knicks,26.66666667,FALSE,1,12.44851185,14,FALSE
1982,Golden State Warriors,0,FALSE,0,12.44851185,12,FALSE
2001,Houston Rockets,0,FALSE,0,12.39110543,15,FALSE
2002,Toronto Raptors,13.33333333,FALSE,1,12.36487122,16,FALSE
2014,Washington Wizards,37.5,FALSE,1,12.27538435,14,FALSE
2022,Cleveland Cavaliers,0,FALSE,0,12.27477249,16,FALSE
2003,Phoenix Suns,12.5,FALSE,1,12.26883442,16,FALSE
1981,Chicago Bulls,16.66666667,FALSE,1,12.26502197,9,FALSE
1978,Golden State Warriors,0,FALSE,0,12.21344651,11,FALSE
2023,Atlanta Hawks,12.5,FALSE,1,12.1938239,15,FALSE
2005,New Jersey Nets,0,FALSE,1,12.19237169,15,FALSE
2000,Toronto Raptors,0,FALSE,1,12.16818478,15,FALSE
1987,Washington Bullets,0,FALSE,1,12.15014025,11,FALSE
1981,Indiana Pacers,0,FALSE,1,12.12528556,10,FALSE
2016,Memphis Grizzlies,0,FALSE,1,12.05906811,15,FALSE
1987,Golden State Warriors,26.66666667,FALSE,1,12.04863674,12,FALSE
2005,Washington Wizards,25,FALSE,1,12.00351692,16,FALSE
2001,Seattle SuperSonics,0,FALSE,0,11.94428775,16,FALSE
1951,Washington Capitols,0,FALSE,0,11.90495613,9,FALSE
2021,Golden State Warriors,0,FALSE,0,11.8986216,15,FALSE
1972,Baltimore Bullets,16.66666667,FALSE,1,11.85680521,9,FALSE
2018,Milwaukee Bucks,18.75,FALSE,1,11.80435505,17,FALSE
1999,Seattle SuperSonics,0,FALSE,0,11.73169642,18,FALSE
1958,Cincinnati Royals,0,FALSE,1,11.68518097,8,FALSE
1975,New York Knicks,8.333333333,FALSE,1,11.67850902,8,FALSE
1993,Charlotte Hornets,26.66666667,FALSE,1,11.64689954,13,FALSE
2021,Memphis Grizzlies,6.25,FALSE,1,11.60976957,16,FALSE
2021,Washington Wizards,6.25,FALSE,1,11.58670638,17,FALSE
1950,Tri-Cities Blackhawks,10,FALSE,1,11.57673022,10,FALSE
1967,New York Knicks,9.090909091,FALSE,1,11.5098528,7,FALSE
2014,Brooklyn Nets,31.25,FALSE,1,11.50471189,15,FALSE
2011,Atlanta Hawks,37.5,FALSE,1,11.46017864,14,FALSE
2008,Toronto Raptors,6.25,FALSE,1,11.37345342,15,FALSE
1971,Atlanta Hawks,8.333333333,FALSE,1,11.35848797,10,FALSE
2020,Portland Trail Blazers,6.25,FALSE,1,11.1261166,14,FALSE
1982,Atlanta Hawks,0,FALSE,1,11.05439864,13,FALSE
2001,Orlando Magic,6.666666667,FALSE,1,10.73648403,17,FALSE
1968,Detroit Pistons,16.66666667,FALSE,1,10.6907492,7,FALSE
2003,Houston Rockets,0,FALSE,0,10.68105095,17,FALSE
1978,New York Knicks,14.28571429,FALSE,1,10.63542804,12,FALSE
1981,Houston Rockets,100,TRUE,1,10.54453473,11,TRUE
1968,Chicago Bulls,8.333333333,FALSE,1,10.52302314,8,FALSE
1952,Fort Wayne Pistons,0,FALSE,1,10.52260037,8,FALSE
2023,Los Angeles Lakers,50,FALSE,1,10.50698269,16,FALSE
1985,San Antonio Spurs,13.33333333,FALSE,1,10.46299619,11,FALSE
2006,Chicago Bulls,12.5,FALSE,1,10.44260488,14,FALSE
2006,Indiana Pacers,12.5,FALSE,1,10.44260488,14,FALSE
1984,Phoenix Suns,60,FALSE,1,10.42317795,12,FALSE
1950,Washington Capitols,0,FALSE,1,10.41822622,11,FALSE
2020,Orlando Magic,6.25,FALSE,1,10.38089341,15,FALSE
1991,Seattle SuperSonics,13.33333333,FALSE,1,10.34584271,14,FALSE
2015,Milwaukee Bucks,12.5,FALSE,1,10.31809366,15,FALSE
2011,Philadelphia 76ers,6.25,FALSE,1,10.31809366,15,FALSE
1995,Denver Nuggets,0,FALSE,1,10.31809366,15,FALSE
1993,Indiana Pacers,6.666666667,FALSE,1,10.31809366,14,FALSE
1993,Los Angeles Clippers,13.33333333,FALSE,1,10.30709588,15,FALSE
1996,Phoenix Suns,6.666666667,FALSE,1,10.27934683,15,FALSE
1985,Utah Jazz,26.66666667,FALSE,1,10.24443803,12,FALSE
2022,Charlotte Hornets,0,FALSE,0,10.19529431,17,FALSE
2017,Memphis Grizzlies,12.5,FALSE,1,10.19529431,14,FALSE
2011,Houston Rockets,0,FALSE,0,10.19529431,16,FALSE
2004,Denver Nuggets,6.25,FALSE,1,10.19529431,11,FALSE
1998,New Jersey Nets,0,FALSE,1,10.19529431,15,FALSE
1975,Detroit Pistons,8.333333333,FALSE,1,10.12211406,9,FALSE
1990,Houston Rockets,6.666666667,FALSE,1,10.09952583,15,FALSE
2019,Detroit Pistons,0,FALSE,1,10.04028766,15,FALSE
2009,Miami Heat,18.75,FALSE,1,10.00315434,14,FALSE
1986,Portland Trail Blazers,6.666666667,FALSE,1,10.00156925,11,FALSE
2012,Houston Rockets,0,FALSE,0,9.986674255,17,FALSE
2013,Utah Jazz,0,FALSE,0,9.936980678,16,FALSE
1972,Atlanta Hawks,16.66666667,FALSE,1,9.902067051,10,FALSE
2014,Charlotte Bobcats,0,FALSE,1,9.890942199,16,FALSE
1999,Golden State Warriors,0,FALSE,0,9.888717341,19,FALSE
2007,New Jersey Nets,37.5,FALSE,1,9.808084298,14,FALSE
2017,Portland Trail Blazers,0,FALSE,1,9.799125337,15,FALSE
2007,Washington Wizards,0,FALSE,1,9.799125337,15,FALSE
2008,Philadelphia 76ers,12.5,FALSE,1,9.793614178,16,FALSE
2007,Orlando Magic,0,FALSE,1,9.793614178,16,FALSE
1981,Kansas City Kings,58.33333333,FALSE,1,9.736590305,12,FALSE
1998,Houston Rockets,13.33333333,FALSE,1,9.677427744,16,FALSE
2010,Chicago Bulls,6.25,FALSE,1,9.642768012,16,FALSE
1987,Indiana Pacers,6.666666667,FALSE,1,9.642768012,13,FALSE
1992,Indiana Pacers,0,FALSE,1,9.538379801,14,FALSE
1992,New Jersey Nets,6.666666667,FALSE,1,9.520597908,15,FALSE
1985,Washington Bullets,6.666666667,FALSE,1,9.515808179,13,FALSE
1979,San Diego Clippers,0,FALSE,0,9.480402941,12,FALSE
2005,Philadelphia 76ers,6.25,FALSE,1,9.421275835,17,FALSE
1976,Milwaukee Bucks,8.333333333,FALSE,1,9.321821588,9,FALSE
1966,New York Knicks,0,FALSE,0,9.307904201,7,FALSE
1999,Toronto Raptors,0,FALSE,0,9.272092638,20,FALSE
1984,Denver Nuggets,13.33333333,FALSE,1,9.25176983,13,FALSE
1980,Washington Bullets,0,FALSE,1,9.074759149,9,FALSE
2006,Milwaukee Bucks,6.25,FALSE,1,9.028370441,16,FALSE
2023,New Orleans Pelicans,0,FALSE,0,8.945388106,17,FALSE
1999,Cleveland Cavaliers,0,FALSE,0,8.829487001,21,FALSE
1991,New York Knicks,0,FALSE,1,8.660675419,15,FALSE
1994,Denver Nuggets,40,FALSE,1,8.595541064,16,FALSE
1983,Washington Bullets,0,FALSE,0,8.547334247,14,FALSE
1959,Philadelphia Warriors,0,FALSE,0,8.540276952,7,FALSE
2004,Miami Heat,37.5,FALSE,1,8.417509146,12,FALSE
1953,Indianapolis Olympians,0,FALSE,1,8.415412742,7,FALSE
1985,Chicago Bulls,6.666666667,FALSE,1,8.363045469,14,FALSE
1999,Boston Celtics,0,FALSE,0,8.361860688,22,FALSE
2004,New York Knicks,0,FALSE,1,8.337345428,13,FALSE
1999,Dallas Mavericks,0,FALSE,0,8.333977658,23,FALSE
1986,Washington Bullets,13.33333333,FALSE,1,8.290904822,12,FALSE
2012,Phoenix Suns,0,FALSE,0,8.283698746,18,FALSE
1984,Kansas City Kings,0,FALSE,1,8.270664175,14,FALSE
1989,Boston Celtics,0,FALSE,1,8.245640052,15,FALSE
2015,Brooklyn Nets,12.5,FALSE,1,8.242915125,16,FALSE
1992,Miami Heat,0,FALSE,1,8.242915125,16,FALSE
1980,Portland Trail Blazers,8.333333333,FALSE,1,8.242915125,10,FALSE
2000,Detroit Pistons,0,FALSE,1,8.144977537,16,FALSE
2022,Los Angeles Clippers,0,FALSE,0,8.061213929,18,FALSE
2005,Cleveland Cavaliers,0,FALSE,0,8.05410878,18,FALSE
1982,Portland Trail Blazers,0,FALSE,0,8.05410878,14,FALSE
1997,Cleveland Cavaliers,0,FALSE,0,8.053089622,14,FALSE
1987,Denver Nuggets,0,FALSE,1,8.031511686,14,FALSE
1998,Washington Wizards,0,FALSE,0,8.024553205,17,FALSE
2020,Brooklyn Nets,0,FALSE,1,8.007130642,16,FALSE
1986,San Antonio Spurs,0,FALSE,1,7.980513054,13,FALSE
2005,Los Angeles Lakers,0,FALSE,0,7.919811918,19,FALSE
2005,Los Angeles Clippers,0,FALSE,0,7.875428766,20,FALSE
1997,Los Angeles Clippers,0,FALSE,1,7.875428766,15,FALSE
1995,Boston Celtics,6.666666667,FALSE,1,7.875428766,16,FALSE
1986,Chicago Bulls,0,FALSE,1,7.875428766,14,FALSE
1985,Phoenix Suns,0,FALSE,1,7.875428766,15,FALSE
1984,Washington Bullets,6.666666667,FALSE,1,7.875428766,15,FALSE
1990,Indiana Pacers,0,FALSE,1,7.861968804,16,FALSE
2018,Los Angeles Clippers,0,FALSE,0,7.832413228,18,FALSE
2019,Brooklyn Nets,6.25,FALSE,1,7.831023701,16,FALSE
1986,Sacramento Kings,0,FALSE,1,7.620194388,15,FALSE
2012,Milwaukee Bucks,0,FALSE,0,7.440986452,19,FALSE
2010,Houston Rockets,0,FALSE,0,7.431962914,17,FALSE
2004,Utah Jazz,0,FALSE,0,7.316010628,14,FALSE
2021,Indiana Pacers,0,FALSE,0,7.228328994,18,FALSE
1992,Houston Rockets,0,FALSE,0,7.213763505,17,FALSE
2016,Chicago Bulls,0,FALSE,0,7.160921297,16,FALSE
1981,Denver Nuggets,0,FALSE,0,7.155209501,13,FALSE
1999,Chicago Bulls,0,FALSE,0,7.125791916,24,FALSE
1969,San Francisco Warriors,16.66666667,FALSE,1,7.033529114,8,FALSE
2020,Phoenix Suns,0,FALSE,0,6.572402101,17,FALSE
1999,Washington Wizards,0,FALSE,0,6.439225605,25,FALSE
1971,San Francisco Warriors,8.333333333,FALSE,1,6.283012084,11,FALSE
1971,San Diego Rockets,0,FALSE,0,6.126407398,12,FALSE
1999,New Jersey Nets,0,FALSE,0,6.100427015,26,FALSE
2012,Portland Trail Blazers,0,FALSE,0,6.032550369,20,FALSE
1999,Denver Nuggets,0,FALSE,0,6.031268772,27,FALSE
1969,Cincinnati Royals,0,FALSE,0,5.958526318,9,FALSE
2021,Charlotte Hornets,0,FALSE,0,5.876679278,19,FALSE
2020,Memphis Grizzlies,0,FALSE,0,5.876679278,18,FALSE
2021,San Antonio Spurs,0,FALSE,0,5.876679278,19,FALSE
2020,San Antonio Spurs,0,FALSE,0,5.395582526,19,FALSE
1973,Detroit Pistons,0,FALSE,0,5.303376141,9,FALSE
1975,Houston Rockets,25,FALSE,1,4.944539552,10,FALSE
1990,Golden State Warriors,0,FALSE,0,4.86095344,17,FALSE
1975,Portland Trail Blazers,0,FALSE,0,4.813281176,11,FALSE
2017,Chicago Bulls,12.5,FALSE,1,4.654279777,16,FALSE
1993,Orlando Magic,0,FALSE,0,4.63561973,16,FALSE
2017,Miami Heat,0,FALSE,0,4.605831274,17,FALSE
2004,Milwaukee Bucks,6.25,FALSE,1,4.605831274,15,FALSE
2000,Orlando Magic,0,FALSE,0,4.605831274,17,FALSE
1990,Seattle SuperSonics,0,FALSE,0,4.605831274,18,FALSE
1990,Atlanta Hawks,0,FALSE,0,4.605831274,18,FALSE
2001,Indiana Pacers,6.666666667,FALSE,1,4.583518009,18,FALSE
1979,Indiana Pacers,0,FALSE,0,4.552370581,13,FALSE
1978,Atlanta Hawks,0,FALSE,1,4.54191226,13,FALSE
2012,Minnesota Timberwolves,0,FALSE,0,4.522372247,21,FALSE
2016,Houston Rockets,6.25,FALSE,1,4.44835103,17,FALSE
2023,Toronto Raptors,0,FALSE,0,4.448028228,18,FALSE
2009,Philadelphia 76ers,12.5,FALSE,1,4.413691297,15,FALSE
1975,Cleveland Cavaliers,0,FALSE,0,4.323552981,12,FALSE
2004,New Orleans Hornets,18.75,FALSE,1,4.323286745,16,FALSE
1976,Los Angeles Lakers,0,FALSE,0,4.27400622,10,FALSE
2014,Minnesota Timberwolves,0,FALSE,0,4.245105943,17,FALSE
2002,Milwaukee Bucks,0,FALSE,0,4.202709347,17,FALSE
1994,Charlotte Hornets,0,FALSE,0,4.168049614,17,FALSE
2009,Chicago Bulls,18.75,FALSE,1,4.117020223,16,FALSE
1975,Milwaukee Bucks,0,FALSE,0,4.07779112,13,FALSE
1977,Kansas City Kings,0,FALSE,0,3.996945592,13,FALSE
1962,St. Louis Hawks,0,FALSE,0,3.969608092,7,FALSE
1980,San Antonio Spurs,8.333333333,FALSE,1,3.963659681,11,FALSE
1991,Indiana Pacers,13.33333333,FALSE,1,3.928999948,16,FALSE
2016,Washington Wizards,0,FALSE,0,3.854740575,18,FALSE
1996,Charlotte Hornets,0,FALSE,0,3.827246073,16,FALSE
1977,New York Knicks,0,FALSE,0,3.816913545,14,FALSE
2013,Dallas Mavericks,0,FALSE,0,3.802270712,17,FALSE
2023,Chicago Bulls,0,FALSE,0,3.752879608,19,FALSE
1968,Baltimore Bullets,0,FALSE,0,3.732978335,9,FALSE
2017,Denver Nuggets,0,FALSE,0,3.731004156,18,FALSE
2016,Utah Jazz,0,FALSE,0,3.731004156,19,FALSE
1997,Phoenix Suns,13.33333333,FALSE,1,3.731004156,16,FALSE
1987,Chicago Bulls,0,FALSE,1,3.731004156,15,FALSE
2023,Oklahoma City Thunder,0,FALSE,0,3.69874782,20,FALSE
2008,Portland Trail Blazers,0,FALSE,0,3.69838325,17,FALSE
2006,Utah Jazz,0,FALSE,0,3.69838325,17,FALSE
2004,Portland Trail Blazers,0,FALSE,0,3.69838325,17,FALSE
1998,Orlando Magic,0,FALSE,0,3.69838325,18,FALSE
1977,Seattle SuperSonics,0,FALSE,0,3.674349518,15,FALSE
2015,Boston Celtics,0,FALSE,1,3.538864179,17,FALSE
2003,Seattle SuperSonics,0,FALSE,0,3.405299129,18,FALSE
1970,Chicago Bulls,8.333333333,FALSE,1,3.246383655,8,FALSE
1980,Houston Rockets,16.66666667,FALSE,1,3.198822277,12,FALSE
1968,Cincinnati Royals,0,FALSE,0,3.163451313,10,FALSE
1966,San Francisco Warriors,0,FALSE,0,3.112562504,8,FALSE
1977,Phoenix Suns,0,FALSE,0,3.067638909,16,FALSE
2007,Los Angeles Clippers,0,FALSE,0,3.006692121,17,FALSE
2000,Dallas Mavericks,0,FALSE,0,2.952418955,18,FALSE
1979,Milwaukee Bucks,0,FALSE,0,2.946191645,14,FALSE
1978,Chicago Bulls,0,FALSE,0,2.922477748,14,FALSE
1976,Houston Rockets,0,FALSE,0,2.922477748,11,FALSE
1987,Seattle SuperSonics,46.66666667,FALSE,1,2.893654106,16,FALSE
1984,Atlanta Hawks,13.33333333,FALSE,1,2.889086656,16,FALSE
1997,Indiana Pacers,0,FALSE,0,2.875871395,17,FALSE
1996,Washington Bullets,0,FALSE,0,2.875871395,17,FALSE
1989,Portland Trail Blazers,0,FALSE,1,2.875871395,16,FALSE
2011,Phoenix Suns,0,FALSE,0,2.823556132,17,FALSE
2010,Toronto Raptors,0,FALSE,0,2.823556132,18,FALSE
2010,Memphis Grizzlies,0,FALSE,0,2.823556132,18,FALSE
2001,Denver Nuggets,0,FALSE,0,2.823556132,19,FALSE
1997,Minnesota Timberwolves,0,FALSE,1,2.823556132,18,FALSE
1993,Detroit Pistons,0,FALSE,0,2.823556132,17,FALSE
1989,Washington Bullets,0,FALSE,0,2.823556132,17,FALSE
2023,Dallas Mavericks,0,FALSE,0,2.792777549,21,FALSE
1979,Golden State Warriors,0,FALSE,0,2.792777549,15,FALSE
1961,New York Knicks,0,FALSE,0,2.783749302,7,FALSE
1980,New York Knicks,0,FALSE,0,2.750815341,13,FALSE
1981,Washington Bullets,0,FALSE,0,2.683731419,14,FALSE
2015,Indiana Pacers,0,FALSE,0,2.663490772,18,FALSE
2015,Utah Jazz,0,FALSE,0,2.663490772,18,FALSE
1964,Philadelphia 76ers,25,FALSE,1,2.583135776,6,FALSE
2018,Detroit Pistons,0,FALSE,0,2.491376697,19,FALSE
2019,Miami Heat,0,FALSE,0,2.387060345,17,FALSE
1998,Detroit Pistons,0,FALSE,0,2.350702874,19,FALSE
1976,New Orleans Jazz,0,FALSE,0,2.337044723,12,FALSE
1980,Cleveland Cavaliers,0,FALSE,0,2.32521936,14,FALSE
1955,Milwaukee Hawks,0,FALSE,0,2.322401433,8,FALSE
1968,Seattle SuperSonics,0,FALSE,0,2.301996373,11,FALSE
1978,New Orleans Jazz,0,FALSE,0,2.287359049,15,FALSE
1979,Chicago Bulls,0,FALSE,0,2.269056081,16,FALSE
1976,Portland Trail Blazers,0,FALSE,0,2.269056081,13,FALSE
1971,Seattle SuperSonics,0,FALSE,0,2.264739742,13,FALSE
1956,Rochester Royals,0,FALSE,0,2.249577012,8,FALSE
2021,New Orleans Pelicans,0,FALSE,0,2.207163948,21,FALSE
1957,Rochester Royals,0,FALSE,0,2.200950127,8,FALSE
2018,Charlotte Hornets,0,FALSE,0,2.158562898,20,FALSE
2017,Charlotte Hornets,0,FALSE,0,2.158562898,19,FALSE
2022,San Antonio Spurs,0,FALSE,0,2.158562898,19,FALSE
2002,Los Angeles Clippers,0,FALSE,0,2.151559361,18,FALSE
1962,New York Knicks,0,FALSE,0,2.140943099,8,FALSE
1960,New York Knicks,0,FALSE,0,2.140943099,7,FALSE
2014,Atlanta Hawks,18.75,FALSE,1,2.131318714,18,FALSE
1983,Dallas Mavericks,0,FALSE,0,2.131318714,15,FALSE
1970,San Diego Rockets,0,FALSE,0,2.106672242,9,FALSE
1988,New York Knicks,6.666666667,FALSE,1,2.10454005,14,FALSE
2009,Detroit Pistons,0,FALSE,1,2.097286195,17,FALSE
1986,Seattle SuperSonics,0,FALSE,0,2.068158346,16,FALSE
1976,New York Knicks,0,FALSE,0,2.063139954,14,FALSE
1973,Phoenix Suns,0,FALSE,0,2.044077713,10,FALSE
1964,Baltimore Bullets,0,FALSE,0,2.040970182,7,FALSE
2022,New York Knicks,0,FALSE,0,2.024997848,20,FALSE
1969,Detroit Pistons,0,FALSE,0,2.006699325,10,FALSE
1963,Chicago Zephyrs,0,FALSE,0,2.006699325,7,FALSE
1974,Houston Rockets,0,FALSE,0,1.995822553,10,FALSE
2019,Sacramento Kings,0,FALSE,0,1.968423372,18,FALSE
2019,Charlotte Hornets,0,FALSE,0,1.968423372,18,FALSE
2015,Phoenix Suns,0,FALSE,0,1.968423372,20,FALSE
2011,Utah Jazz,0,FALSE,0,1.968423372,18,FALSE
2007,New Orleans/Oklahoma City Hornets,0,FALSE,0,1.968423372,18,FALSE
1996,Sacramento Kings,6.666666667,FALSE,1,1.968423372,18,FALSE
1995,Sacramento Kings,0,FALSE,0,1.968423372,17,FALSE
1993,Los Angeles Lakers,13.33333333,FALSE,1,1.968423372,18,FALSE
1986,New Jersey Nets,0,FALSE,1,1.968423372,17,FALSE
1982,Detroit Pistons,0,FALSE,0,1.968423372,15,FALSE
1981,Golden State Warriors,0,FALSE,0,1.968423372,15,FALSE
2013,Milwaukee Bucks,0,FALSE,1,1.948182725,18,FALSE
2008,Sacramento Kings,0,FALSE,0,1.948182725,18,FALSE
2006,New Orleans/Oklahoma City Hornets,0,FALSE,0,1.948182725,18,FALSE
2006,Philadelphia 76ers,0,FALSE,0,1.948182725,18,FALSE
2003,Golden State Warriors,0,FALSE,0,1.948182725,19,FALSE
1992,Atlanta Hawks,0,FALSE,0,1.948182725,18,FALSE
1989,Dallas Mavericks,0,FALSE,0,1.948182725,18,FALSE
1988,Indiana Pacers,0,FALSE,0,1.948182725,15,FALSE
1988,Washington Bullets,13.33333333,FALSE,1,1.948182725,15,FALSE
1978,Detroit Pistons,0,FALSE,0,1.948182725,16,FALSE
1980,Indiana Pacers,0,FALSE,0,1.939190199,15,FALSE
1979,New Jersey Nets,0,FALSE,1,1.939190199,17,FALSE
1965,San Francisco Warriors,0,FALSE,0,1.917948467,7,FALSE
1984,San Antonio Spurs,0,FALSE,0,1.879674535,17,FALSE
1962,Chicago Packers,0,FALSE,0,1.824935418,9,FALSE
1970,Boston Celtics,0,FALSE,0,1.81958984,10,FALSE
1969,Seattle SuperSonics,0,FALSE,0,1.790664561,11,FALSE
1969,Phoenix Suns,0,FALSE,0,1.790664561,11,FALSE
1953,Baltimore Bullets,0,FALSE,1,1.790664561,8,FALSE
2021,Sacramento Kings,0,FALSE,0,1.788526974,22,FALSE
2021,Chicago Bulls,0,FALSE,0,1.788526974,22,FALSE
2020,Sacramento Kings,0,FALSE,0,1.788526974,20,FALSE
2012,Detroit Pistons,0,FALSE,0,1.788526974,22,FALSE
1999,Los Angeles Clippers,0,FALSE,0,1.788526974,28,FALSE
1970,Seattle SuperSonics,0,FALSE,0,1.756334609,11,FALSE
2021,Toronto Raptors,0,FALSE,0,1.62639084,24,FALSE
1983,Detroit Pistons,0,FALSE,0,1.62639084,16,FALSE
2022,Los Angeles Lakers,0,FALSE,0,1.621536827,21,FALSE
1950,Philadelphia Warriors,0,FALSE,1,1.521293972,12,FALSE
1950,St. Louis Bombers,0,FALSE,0,1.521293972,12,FALSE
1967,Detroit Pistons,0,FALSE,0,1.495308418,8,FALSE
1961,Cincinnati Royals,0,FALSE,0,1.495308418,8,FALSE
1960,Cincinnati Royals,0,FALSE,0,1.495308418,8,FALSE
1959,Cincinnati Royals,0,FALSE,0,1.495308418,8,FALSE
1951,Baltimore Bullets,0,FALSE,0,1.49379947,10,FALSE
1966,Detroit Pistons,0,FALSE,0,1.477525707,9,FALSE
1965,Detroit Pistons,0,FALSE,0,1.477525707,8,FALSE
1963,San Francisco Warriors,0,FALSE,0,1.477525707,8,FALSE
2004,Seattle SuperSonics,0,FALSE,0,1.474092023,18,FALSE
1950,Baltimore Bullets,0,FALSE,0,1.470749353,14,FALSE
1950,Boston Celtics,0,FALSE,0,1.470749353,14,FALSE
1950,Waterloo Hawks,0,FALSE,0,1.470749353,14,FALSE
1950,Denver Nuggets,0,FALSE,0,1.470749353,14,FALSE
2016,Philadelphia 76ers,0,FALSE,0,1.46365991,20,FALSE
2014,Milwaukee Bucks,0,FALSE,0,1.46365991,19,FALSE
2012,Charlotte Bobcats,0,FALSE,0,1.46365991,23,FALSE
2011,Minnesota Timberwolves,0,FALSE,0,1.46365991,19,FALSE
2009,Minnesota Timberwolves,0,FALSE,0,1.46365991,18,FALSE
2006,Charlotte Bobcats,0,FALSE,0,1.46365991,20,FALSE
1998,Vancouver Grizzlies,0,FALSE,0,1.46365991,20,FALSE
1998,Toronto Raptors,0,FALSE,0,1.46365991,20,FALSE
1998,Denver Nuggets,0,FALSE,0,1.46365991,20,FALSE
1997,Golden State Warriors,0,FALSE,0,1.46365991,19,FALSE
1987,Los Angeles Clippers,0,FALSE,0,1.46365991,17,FALSE
1982,Utah Jazz,0,FALSE,0,1.46365991,16,FALSE
1982,Cleveland Cavaliers,0,FALSE,0,1.46365991,16,FALSE
1980,Detroit Pistons,0,FALSE,0,1.46365991,16,FALSE
1978,New Jersey Nets,0,FALSE,0,1.46365991,17,FALSE
1976,Detroit Pistons,33.33333333,FALSE,1,1.46365991,15,FALSE
1975,New Orleans Jazz,0,FALSE,0,1.46365991,14,FALSE
1971,Cleveland Cavaliers,0,FALSE,0,1.46365991,14,FALSE
1990,Orlando Magic,0,FALSE,0,1.461037561,20,FALSE
1988,Philadelphia 76ers,0,FALSE,0,1.461037561,17,FALSE
1987,Sacramento Kings,0,FALSE,0,1.461037561,18,FALSE
1987,New Jersey Nets,0,FALSE,0,1.461037561,18,FALSE
1986,Los Angeles Clippers,0,FALSE,0,1.461037561,18,FALSE
1986,Phoenix Suns,0,FALSE,0,1.461037561,18,FALSE
1985,Kansas City Kings,0,FALSE,0,1.461037561,16,FALSE
1983,Chicago Bulls,0,FALSE,0,1.461037561,17,FALSE
1982,Chicago Bulls,0,FALSE,0,1.461037561,18,FALSE
1981,Atlanta Hawks,0,FALSE,0,1.461037561,16,FALSE
1980,Chicago Bulls,0,FALSE,0,1.461037561,17,FALSE
1972,Cincinnati Royals,0,FALSE,0,1.461037561,11,FALSE
1972,Philadelphia 76ers,0,FALSE,0,1.461037561,11,FALSE
1972,Detroit Pistons,0,FALSE,0,1.461037561,11,FALSE
1971,Portland Trail Blazers,0,FALSE,0,1.461037561,15,FALSE
1970,Cincinnati Royals,0,FALSE,0,1.461037561,12,FALSE
1970,Detroit Pistons,0,FALSE,0,1.461037561,12,FALSE
1970,San Francisco Warriors,0,FALSE,0,1.461037561,12,FALSE
1969,Milwaukee Bucks,0,FALSE,0,1.461037561,13,FALSE
1968,San Diego Rockets,0,FALSE,0,1.461037561,12,FALSE
1967,Chicago Bulls,0,FALSE,1,1.461037561,9,FALSE
1967,Baltimore Bullets,0,FALSE,0,1.461037561,9,FALSE
1965,New York Knicks,0,FALSE,0,1.461037561,9,FALSE
1964,Detroit Pistons,0,FALSE,0,1.461037561,8,FALSE
1964,New York Knicks,0,FALSE,0,1.461037561,8,FALSE
1963,New York Knicks,0,FALSE,0,1.461037561,9,FALSE
1952,Baltimore Bullets,0,FALSE,0,1.461037561,9,FALSE
1951,Tri-Cities Blackhawks,0,FALSE,0,1.461037561,11,FALSE
2020,New Orleans Pelicans,0,FALSE,0,1.460408377,21,FALSE
2020,Charlotte Hornets,0,FALSE,0,1.460408377,21,FALSE
1999,Vancouver Grizzlies,0,FALSE,0,1.460408377,29,FALSE
2023,Utah Jazz,0,FALSE,0,1.44325485,22,FALSE
2023,Indiana Pacers,0,FALSE,0,1.44325485,22,FALSE
2023,Washington Wizards,0,FALSE,0,1.44325485,22,FALSE
2023,Orlando Magic,0,FALSE,0,1.44325485,22,FALSE
2023,Portland Trail Blazers,0,FALSE,0,1.44325485,22,FALSE
2023,Charlotte Hornets,0,FALSE,0,1.44325485,22,FALSE
2023,Houston Rockets,0,FALSE,0,1.44325485,22,FALSE
2023,Detroit Pistons,0,FALSE,0,1.44325485,22,FALSE
2022,New Orleans Pelicans,12.5,FALSE,1,1.44325485,22,FALSE
2022,Washington Wizards,0,FALSE,0,1.44325485,22,FALSE
2022,Sacramento Kings,0,FALSE,0,1.44325485,22,FALSE
2022,Portland Trail Blazers,0,FALSE,0,1.44325485,22,FALSE
2022,Indiana Pacers,0,FALSE,0,1.44325485,22,FALSE
2022,Oklahoma City Thunder,0,FALSE,0,1.44325485,22,FALSE
2022,Detroit Pistons,0,FALSE,0,1.44325485,22,FALSE
2022,Orlando Magic,0,FALSE,0,1.44325485,22,FALSE
2022,Houston Rockets,0,FALSE,0,1.44325485,22,FALSE
2021,Minnesota Timberwolves,0,FALSE,0,1.44325485,25,FALSE
2021,Oklahoma City Thunder,0,FALSE,0,1.44325485,25,FALSE
2021,Cleveland Cavaliers,0,FALSE,0,1.44325485,25,FALSE
2021,Orlando Magic,0,FALSE,0,1.44325485,25,FALSE
2021,Detroit Pistons,0,FALSE,0,1.44325485,25,FALSE
2021,Houston Rockets,0,FALSE,0,1.44325485,25,FALSE
2020,Washington Wizards,0,FALSE,0,1.44325485,23,FALSE
2020,Chicago Bulls,0,FALSE,0,1.44325485,23,FALSE
2020,New York Knicks,0,FALSE,0,1.44325485,23,FALSE
2020,Detroit Pistons,0,FALSE,0,1.44325485,23,FALSE
2020,Atlanta Hawks,0,FALSE,0,1.44325485,23,FALSE
2020,Minnesota Timberwolves,0,FALSE,0,1.44325485,23,FALSE
2020,Cleveland Cavaliers,0,FALSE,0,1.44325485,23,FALSE
2020,Golden State Warriors,0,FALSE,0,1.44325485,23,FALSE
2019,Los Angeles Lakers,0,FALSE,0,1.44325485,20,FALSE
2019,Minnesota Timberwolves,0,FALSE,0,1.44325485,20,FALSE
2019,Dallas Mavericks,0,FALSE,0,1.44325485,20,FALSE
2019,New Orleans Pelicans,0,FALSE,0,1.44325485,20,FALSE
2019,Memphis Grizzlies,0,FALSE,0,1.44325485,20,FALSE
2019,Washington Wizards,0,FALSE,0,1.44325485,20,FALSE
2019,Atlanta Hawks,0,FALSE,0,1.44325485,20,FALSE
2019,Chicago Bulls,0,FALSE,0,1.44325485,20,FALSE
2019,Cleveland Cavaliers,0,FALSE,0,1.44325485,20,FALSE
2019,Phoenix Suns,0,FALSE,0,1.44325485,20,FALSE
2019,New York Knicks,0,FALSE,0,1.44325485,20,FALSE
2018,Los Angeles Lakers,0,FALSE,0,1.44325485,21,FALSE
2018,New York Knicks,0,FALSE,0,1.44325485,21,FALSE
2018,Brooklyn Nets,0,FALSE,0,1.44325485,21,FALSE
2018,Sacramento Kings,0,FALSE,0,1.44325485,21,FALSE
2018,Chicago Bulls,0,FALSE,0,1.44325485,21,FALSE
2018,Orlando Magic,0,FALSE,0,1.44325485,21,FALSE
2018,Atlanta Hawks,0,FALSE,0,1.44325485,21,FALSE
2018,Dallas Mavericks,0,FALSE,0,1.44325485,21,FALSE
2018,Memphis Grizzlies,0,FALSE,0,1.44325485,21,FALSE
2018,Phoenix Suns,0,FALSE,0,1.44325485,21,FALSE
2017,Detroit Pistons,0,FALSE,0,1.44325485,20,FALSE
2017,New Orleans Pelicans,0,FALSE,0,1.44325485,20,FALSE
2017,Dallas Mavericks,0,FALSE,0,1.44325485,20,FALSE
2017,Sacramento Kings,0,FALSE,0,1.44325485,20,FALSE
2017,New York Knicks,0,FALSE,0,1.44325485,20,FALSE
2017,Minnesota Timberwolves,0,FALSE,0,1.44325485,20,FALSE
2017,Orlando Magic,0,FALSE,0,1.44325485,20,FALSE
2017,Philadelphia 76ers,0,FALSE,0,1.44325485,20,FALSE
2017,Los Angeles Lakers,0,FALSE,0,1.44325485,20,FALSE
2017,Phoenix Suns,0,FALSE,0,1.44325485,20,FALSE
2017,Brooklyn Nets,0,FALSE,0,1.44325485,20,FALSE
2016,Orlando Magic,0,FALSE,0,1.44325485,21,FALSE
2016,Denver Nuggets,0,FALSE,0,1.44325485,21,FALSE
2016,Sacramento Kings,0,FALSE,0,1.44325485,21,FALSE
2016,Milwaukee Bucks,0,FALSE,0,1.44325485,21,FALSE
2016,New York Knicks,0,FALSE,0,1.44325485,21,FALSE
2016,New Orleans Pelicans,0,FALSE,0,1.44325485,21,FALSE
2016,Minnesota Timberwolves,0,FALSE,0,1.44325485,21,FALSE
2016,Phoenix Suns,0,FALSE,0,1.44325485,21,FALSE
2016,Brooklyn Nets,0,FALSE,0,1.44325485,21,FALSE
2016,Los Angeles Lakers,0,FALSE,0,1.44325485,21,FALSE
2015,Miami Heat,0,FALSE,0,1.44325485,21,FALSE
2015,Charlotte Hornets,0,FALSE,0,1.44325485,21,FALSE
2015,Detroit Pistons,0,FALSE,0,1.44325485,21,FALSE
2015,Denver Nuggets,0,FALSE,0,1.44325485,21,FALSE
2015,Sacramento Kings,0,FALSE,0,1.44325485,21,FALSE
2015,Orlando Magic,0,FALSE,0,1.44325485,21,FALSE
2015,Los Angeles Lakers,0,FALSE,0,1.44325485,21,FALSE
2015,Philadelphia 76ers,0,FALSE,0,1.44325485,21,FALSE
2015,New York Knicks,0,FALSE,0,1.44325485,21,FALSE
2015,Minnesota Timberwolves,0,FALSE,0,1.44325485,21,FALSE
2014,New York Knicks,0,FALSE,0,1.44325485,20,FALSE
2014,Denver Nuggets,0,FALSE,0,1.44325485,20,FALSE
2014,New Orleans Pelicans,0,FALSE,0,1.44325485,20,FALSE
2014,Cleveland Cavaliers,0,FALSE,0,1.44325485,20,FALSE
2014,Detroit Pistons,0,FALSE,0,1.44325485,20,FALSE
2014,Sacramento Kings,0,FALSE,0,1.44325485,20,FALSE
2014,Los Angeles Lakers,0,FALSE,0,1.44325485,20,FALSE
2014,Utah Jazz,0,FALSE,0,1.44325485,20,FALSE
2014,Boston Celtics,0,FALSE,0,1.44325485,20,FALSE
2014,Orlando Magic,0,FALSE,0,1.44325485,20,FALSE
2014,Philadelphia 76ers,0,FALSE,0,1.44325485,20,FALSE
2013,Toronto Raptors,0,FALSE,0,1.44325485,19,FALSE
2013,Philadelphia 76ers,0,FALSE,0,1.44325485,19,FALSE
2013,Portland Trail Blazers,0,FALSE,0,1.44325485,19,FALSE
2013,Minnesota Timberwolves,0,FALSE,0,1.44325485,19,FALSE
2013,Washington Wizards,0,FALSE,0,1.44325485,19,FALSE
2013,Detroit Pistons,0,FALSE,0,1.44325485,19,FALSE
2013,Sacramento Kings,0,FALSE,0,1.44325485,19,FALSE
2013,New Orleans Hornets,0,FALSE,0,1.44325485,19,FALSE
2013,Phoenix Suns,0,FALSE,0,1.44325485,19,FALSE
2013,Cleveland Cavaliers,0,FALSE,0,1.44325485,19,FALSE
2013,Charlotte Bobcats,0,FALSE,0,1.44325485,19,FALSE
2013,Orlando Magic,0,FALSE,0,1.44325485,19,FALSE
2012,Golden State Warriors,0,FALSE,0,1.44325485,24,FALSE
2012,Toronto Raptors,0,FALSE,0,1.44325485,24,FALSE
2012,New Jersey Nets,0,FALSE,0,1.44325485,24,FALSE
2012,Sacramento Kings,0,FALSE,0,1.44325485,24,FALSE
2012,Cleveland Cavaliers,0,FALSE,0,1.44325485,24,FALSE
2012,New Orleans Hornets,0,FALSE,0,1.44325485,24,FALSE
2012,Washington Wizards,0,FALSE,0,1.44325485,24,FALSE
2011,Indiana Pacers,6.25,FALSE,1,1.44325485,20,FALSE
2011,Golden State Warriors,0,FALSE,0,1.44325485,20,FALSE
2011,Milwaukee Bucks,0,FALSE,0,1.44325485,20,FALSE
2011,Charlotte Bobcats,0,FALSE,0,1.44325485,20,FALSE
2011,Los Angeles Clippers,0,FALSE,0,1.44325485,20,FALSE
2011,Detroit Pistons,0,FALSE,0,1.44325485,20,FALSE
2011,New Jersey Nets,0,FALSE,0,1.44325485,20,FALSE
2011,Sacramento Kings,0,FALSE,0,1.44325485,20,FALSE
2011,Washington Wizards,0,FALSE,0,1.44325485,20,FALSE
2011,Toronto Raptors,0,FALSE,0,1.44325485,20,FALSE
2011,Cleveland Cavaliers,0,FALSE,0,1.44325485,20,FALSE
2010,New Orleans Hornets,0,FALSE,0,1.44325485,20,FALSE
2010,Indiana Pacers,0,FALSE,0,1.44325485,20,FALSE
2010,Los Angeles Clippers,0,FALSE,0,1.44325485,20,FALSE
2010,New York Knicks,0,FALSE,0,1.44325485,20,FALSE
2010,Detroit Pistons,0,FALSE,0,1.44325485,20,FALSE
2010,Philadelphia 76ers,0,FALSE,0,1.44325485,20,FALSE
2010,Washington Wizards,0,FALSE,0,1.44325485,20,FALSE
2010,Golden State Warriors,0,FALSE,0,1.44325485,20,FALSE
2010,Sacramento Kings,0,FALSE,0,1.44325485,20,FALSE
2010,Minnesota Timberwolves,0,FALSE,0,1.44325485,20,FALSE
2010,New Jersey Nets,0,FALSE,0,1.44325485,20,FALSE
2009,Indiana Pacers,0,FALSE,0,1.44325485,19,FALSE
2009,Charlotte Bobcats,0,FALSE,0,1.44325485,19,FALSE
2009,New Jersey Nets,0,FALSE,0,1.44325485,19,FALSE
2009,Milwaukee Bucks,0,FALSE,0,1.44325485,19,FALSE
2009,Toronto Raptors,0,FALSE,0,1.44325485,19,FALSE
2009,New York Knicks,0,FALSE,0,1.44325485,19,FALSE
2009,Golden State Warriors,0,FALSE,0,1.44325485,19,FALSE
2009,Memphis Grizzlies,0,FALSE,0,1.44325485,19,FALSE
2009,Oklahoma City Thunder,0,FALSE,0,1.44325485,19,FALSE
2009,Washington Wizards,0,FALSE,0,1.44325485,19,FALSE
2009,Los Angeles Clippers,0,FALSE,0,1.44325485,19,FALSE
2009,Sacramento Kings,0,FALSE,0,1.44325485,19,FALSE
2008,Atlanta Hawks,18.75,FALSE,1,1.44325485,19,FALSE
2008,Indiana Pacers,0,FALSE,0,1.44325485,19,FALSE
2008,New Jersey Nets,0,FALSE,0,1.44325485,19,FALSE
2008,Chicago Bulls,0,FALSE,0,1.44325485,19,FALSE
2008,Charlotte Bobcats,0,FALSE,0,1.44325485,19,FALSE
2008,Milwaukee Bucks,0,FALSE,0,1.44325485,19,FALSE
2008,New York Knicks,0,FALSE,0,1.44325485,19,FALSE
2008,Los Angeles Clippers,0,FALSE,0,1.44325485,19,FALSE
2008,Minnesota Timberwolves,0,FALSE,0,1.44325485,19,FALSE
2008,Memphis Grizzlies,0,FALSE,0,1.44325485,19,FALSE
2008,Seattle SuperSonics,0,FALSE,0,1.44325485,19,FALSE
2008,Miami Heat,0,FALSE,0,1.44325485,19,FALSE
2007,Philadelphia 76ers,0,FALSE,0,1.44325485,19,FALSE
2007,Indiana Pacers,0,FALSE,0,1.44325485,19,FALSE
2007,Charlotte Bobcats,0,FALSE,0,1.44325485,19,FALSE
2007,New York Knicks,0,FALSE,0,1.44325485,19,FALSE
2007,Sacramento Kings,0,FALSE,0,1.44325485,19,FALSE
2007,Portland Trail Blazers,0,FALSE,0,1.44325485,19,FALSE
2007,Minnesota Timberwolves,0,FALSE,0,1.44325485,19,FALSE
2007,Seattle SuperSonics,0,FALSE,0,1.44325485,19,FALSE
2007,Atlanta Hawks,0,FALSE,0,1.44325485,19,FALSE
2007,Milwaukee Bucks,0,FALSE,0,1.44325485,19,FALSE
2007,Boston Celtics,0,FALSE,0,1.44325485,19,FALSE
2007,Memphis Grizzlies,0,FALSE,0,1.44325485,19,FALSE
2006,Orlando Magic,0,FALSE,0,1.44325485,21,FALSE
2006,Seattle SuperSonics,0,FALSE,0,1.44325485,21,FALSE
2006,Houston Rockets,0,FALSE,0,1.44325485,21,FALSE
2006,Golden State Warriors,0,FALSE,0,1.44325485,21,FALSE
2006,Minnesota Timberwolves,0,FALSE,0,1.44325485,21,FALSE
2006,Boston Celtics,0,FALSE,0,1.44325485,21,FALSE
2006,Toronto Raptors,0,FALSE,0,1.44325485,21,FALSE
2006,Atlanta Hawks,0,FALSE,0,1.44325485,21,FALSE
2006,New York Knicks,0,FALSE,0,1.44325485,21,FALSE
2006,Portland Trail Blazers,0,FALSE,0,1.44325485,21,FALSE
2005,Orlando Magic,0,FALSE,0,1.44325485,21,FALSE
2005,Golden State Warriors,0,FALSE,0,1.44325485,21,FALSE
2005,Toronto Raptors,0,FALSE,0,1.44325485,21,FALSE
2005,New York Knicks,0,FALSE,0,1.44325485,21,FALSE
2005,Milwaukee Bucks,0,FALSE,0,1.44325485,21,FALSE
2005,Portland Trail Blazers,0,FALSE,0,1.44325485,21,FALSE
2005,Utah Jazz,0,FALSE,0,1.44325485,21,FALSE
2005,New Orleans Hornets,0,FALSE,0,1.44325485,21,FALSE
2005,Charlotte Bobcats,0,FALSE,0,1.44325485,21,FALSE
2005,Atlanta Hawks,0,FALSE,0,1.44325485,21,FALSE
2004,Golden State Warriors,0,FALSE,0,1.44325485,19,FALSE
2004,Boston Celtics,0,FALSE,1,1.44325485,19,FALSE
2004,Cleveland Cavaliers,0,FALSE,0,1.44325485,19,FALSE
2004,Philadelphia 76ers,0,FALSE,0,1.44325485,19,FALSE
2004,Toronto Raptors,0,FALSE,0,1.44325485,19,FALSE
2004,Phoenix Suns,0,FALSE,0,1.44325485,19,FALSE
2004,Los Angeles Clippers,0,FALSE,0,1.44325485,19,FALSE
2004,Atlanta Hawks,0,FALSE,0,1.44325485,19,FALSE
2004,Washington Wizards,0,FALSE,0,1.44325485,19,FALSE
2004,Chicago Bulls,0,FALSE,0,1.44325485,19,FALSE
2004,Orlando Magic,0,FALSE,0,1.44325485,19,FALSE
2003,Washington Wizards,0,FALSE,0,1.44325485,20,FALSE
2003,New York Knicks,0,FALSE,0,1.44325485,20,FALSE
2003,Atlanta Hawks,0,FALSE,0,1.44325485,20,FALSE
2003,Chicago Bulls,0,FALSE,0,1.44325485,20,FALSE
2003,Memphis Grizzlies,0,FALSE,0,1.44325485,20,FALSE
2003,Los Angeles Clippers,0,FALSE,0,1.44325485,20,FALSE
2003,Miami Heat,0,FALSE,0,1.44325485,20,FALSE
2003,Toronto Raptors,0,FALSE,0,1.44325485,20,FALSE
2003,Cleveland Cavaliers,0,FALSE,0,1.44325485,20,FALSE
2003,Denver Nuggets,0,FALSE,0,1.44325485,20,FALSE
2002,Washington Wizards,0,FALSE,0,1.44325485,19,FALSE
2002,Miami Heat,0,FALSE,0,1.44325485,19,FALSE
2002,Phoenix Suns,0,FALSE,0,1.44325485,19,FALSE
2002,Atlanta Hawks,0,FALSE,0,1.44325485,19,FALSE
2002,New York Knicks,0,FALSE,0,1.44325485,19,FALSE
2002,Cleveland Cavaliers,0,FALSE,0,1.44325485,19,FALSE
2002,Houston Rockets,0,FALSE,0,1.44325485,19,FALSE
2002,Denver Nuggets,0,FALSE,0,1.44325485,19,FALSE
2002,Memphis Grizzlies,0,FALSE,0,1.44325485,19,FALSE
2002,Chicago Bulls,0,FALSE,0,1.44325485,19,FALSE
2002,Golden State Warriors,0,FALSE,0,1.44325485,19,FALSE
2001,Boston Celtics,0,FALSE,0,1.44325485,20,FALSE
2001,Detroit Pistons,0,FALSE,0,1.44325485,20,FALSE
2001,Los Angeles Clippers,0,FALSE,0,1.44325485,20,FALSE
2001,Cleveland Cavaliers,0,FALSE,0,1.44325485,20,FALSE
2001,New Jersey Nets,0,FALSE,0,1.44325485,20,FALSE
2001,Atlanta Hawks,0,FALSE,0,1.44325485,20,FALSE
2001,Vancouver Grizzlies,0,FALSE,0,1.44325485,20,FALSE
2001,Washington Wizards,0,FALSE,0,1.44325485,20,FALSE
2001,Golden State Warriors,0,FALSE,0,1.44325485,20,FALSE
2001,Chicago Bulls,0,FALSE,0,1.44325485,20,FALSE
2000,Denver Nuggets,0,FALSE,0,1.44325485,19,FALSE
2000,Boston Celtics,0,FALSE,0,1.44325485,19,FALSE
2000,Houston Rockets,0,FALSE,0,1.44325485,19,FALSE
2000,Cleveland Cavaliers,0,FALSE,0,1.44325485,19,FALSE
2000,New Jersey Nets,0,FALSE,0,1.44325485,19,FALSE
2000,Washington Wizards,0,FALSE,0,1.44325485,19,FALSE
2000,Atlanta Hawks,0,FALSE,0,1.44325485,19,FALSE
2000,Vancouver Grizzlies,0,FALSE,0,1.44325485,19,FALSE
2000,Golden State Warriors,0,FALSE,0,1.44325485,19,FALSE
2000,Chicago Bulls,0,FALSE,0,1.44325485,19,FALSE
2000,Los Angeles Clippers,0,FALSE,0,1.44325485,19,FALSE
1998,Boston Celtics,0,FALSE,0,1.44325485,23,FALSE
1998,Milwaukee Bucks,0,FALSE,0,1.44325485,23,FALSE
1998,Philadelphia 76ers,0,FALSE,0,1.44325485,23,FALSE
1998,Sacramento Kings,0,FALSE,0,1.44325485,23,FALSE
1998,Dallas Mavericks,0,FALSE,0,1.44325485,23,FALSE
1998,Golden State Warriors,0,FALSE,0,1.44325485,23,FALSE
1998,Los Angeles Clippers,0,FALSE,0,1.44325485,23,FALSE
1997,Sacramento Kings,0,FALSE,0,1.44325485,20,FALSE
1997,Milwaukee Bucks,0,FALSE,0,1.44325485,20,FALSE
1997,Toronto Raptors,0,FALSE,0,1.44325485,20,FALSE
1997,New Jersey Nets,0,FALSE,0,1.44325485,20,FALSE
1997,Dallas Mavericks,0,FALSE,0,1.44325485,20,FALSE
1997,Philadelphia 76ers,0,FALSE,0,1.44325485,20,FALSE
1997,Denver Nuggets,0,FALSE,0,1.44325485,20,FALSE
1997,Boston Celtics,0,FALSE,0,1.44325485,20,FALSE
1997,Vancouver Grizzlies,0,FALSE,0,1.44325485,20,FALSE
1996,Golden State Warriors,0,FALSE,0,1.44325485,19,FALSE
1996,Denver Nuggets,0,FALSE,0,1.44325485,19,FALSE
1996,Boston Celtics,0,FALSE,0,1.44325485,19,FALSE
1996,New Jersey Nets,0,FALSE,0,1.44325485,19,FALSE
1996,Los Angeles Clippers,0,FALSE,0,1.44325485,19,FALSE
1996,Dallas Mavericks,0,FALSE,0,1.44325485,19,FALSE
1996,Minnesota Timberwolves,0,FALSE,0,1.44325485,19,FALSE
1996,Milwaukee Bucks,0,FALSE,0,1.44325485,19,FALSE
1996,Toronto Raptors,0,FALSE,0,1.44325485,19,FALSE
1996,Philadelphia 76ers,0,FALSE,0,1.44325485,19,FALSE
1996,Vancouver Grizzlies,0,FALSE,0,1.44325485,19,FALSE
1995,Dallas Mavericks,0,FALSE,0,1.44325485,18,FALSE
1995,Milwaukee Bucks,0,FALSE,0,1.44325485,18,FALSE
1995,Miami Heat,0,FALSE,0,1.44325485,18,FALSE
1995,New Jersey Nets,0,FALSE,0,1.44325485,18,FALSE
1995,Detroit Pistons,0,FALSE,0,1.44325485,18,FALSE
1995,Golden State Warriors,0,FALSE,0,1.44325485,18,FALSE
1995,Philadelphia 76ers,0,FALSE,0,1.44325485,18,FALSE
1995,Minnesota Timberwolves,0,FALSE,0,1.44325485,18,FALSE
1995,Washington Bullets,0,FALSE,0,1.44325485,18,FALSE
1995,Los Angeles Clippers,0,FALSE,0,1.44325485,18,FALSE
1994,Los Angeles Lakers,0,FALSE,0,1.44325485,18,FALSE
1994,Boston Celtics,0,FALSE,0,1.44325485,18,FALSE
1994,Sacramento Kings,0,FALSE,0,1.44325485,18,FALSE
1994,Los Angeles Clippers,0,FALSE,0,1.44325485,18,FALSE
1994,Philadelphia 76ers,0,FALSE,0,1.44325485,18,FALSE
1994,Washington Bullets,0,FALSE,0,1.44325485,18,FALSE
1994,Milwaukee Bucks,0,FALSE,0,1.44325485,18,FALSE
1994,Minnesota Timberwolves,0,FALSE,0,1.44325485,18,FALSE
1994,Detroit Pistons,0,FALSE,0,1.44325485,18,FALSE
1994,Dallas Mavericks,0,FALSE,0,1.44325485,18,FALSE
1993,Miami Heat,0,FALSE,0,1.44325485,19,FALSE
1993,Denver Nuggets,0,FALSE,0,1.44325485,19,FALSE
1993,Golden State Warriors,0,FALSE,0,1.44325485,19,FALSE
1993,Milwaukee Bucks,0,FALSE,0,1.44325485,19,FALSE
1993,Philadelphia 76ers,0,FALSE,0,1.44325485,19,FALSE
1993,Sacramento Kings,0,FALSE,0,1.44325485,19,FALSE
1993,Washington Bullets,0,FALSE,0,1.44325485,19,FALSE
1993,Minnesota Timberwolves,0,FALSE,0,1.44325485,19,FALSE
1993,Dallas Mavericks,0,FALSE,0,1.44325485,19,FALSE
1992,Philadelphia 76ers,0,FALSE,0,1.44325485,19,FALSE
1992,Charlotte Hornets,0,FALSE,0,1.44325485,19,FALSE
1992,Milwaukee Bucks,0,FALSE,0,1.44325485,19,FALSE
1992,Sacramento Kings,0,FALSE,0,1.44325485,19,FALSE
1992,Washington Bullets,0,FALSE,0,1.44325485,19,FALSE
1992,Denver Nuggets,0,FALSE,0,1.44325485,19,FALSE
1992,Dallas Mavericks,0,FALSE,0,1.44325485,19,FALSE
1992,Orlando Magic,0,FALSE,0,1.44325485,19,FALSE
1992,Minnesota Timberwolves,0,FALSE,0,1.44325485,19,FALSE
1991,Cleveland Cavaliers,0,FALSE,0,1.44325485,17,FALSE
1991,Orlando Magic,0,FALSE,0,1.44325485,17,FALSE
1991,Los Angeles Clippers,0,FALSE,0,1.44325485,17,FALSE
1991,Washington Bullets,0,FALSE,0,1.44325485,17,FALSE
1991,Minnesota Timberwolves,0,FALSE,0,1.44325485,17,FALSE
1991,Dallas Mavericks,0,FALSE,0,1.44325485,17,FALSE
1991,New Jersey Nets,0,FALSE,0,1.44325485,17,FALSE
1991,Charlotte Hornets,0,FALSE,0,1.44325485,17,FALSE
1991,Sacramento Kings,0,FALSE,0,1.44325485,17,FALSE
1991,Miami Heat,0,FALSE,0,1.44325485,17,FALSE
1991,Denver Nuggets,0,FALSE,0,1.44325485,17,FALSE
1990,Washington Bullets,0,FALSE,0,1.44325485,21,FALSE
1990,Los Angeles Clippers,0,FALSE,0,1.44325485,21,FALSE
1990,Sacramento Kings,0,FALSE,0,1.44325485,21,FALSE
1990,Minnesota Timberwolves,0,FALSE,0,1.44325485,21,FALSE
1990,Charlotte Hornets,0,FALSE,0,1.44325485,21,FALSE
1990,Miami Heat,0,FALSE,0,1.44325485,21,FALSE
1990,New Jersey Nets,0,FALSE,0,1.44325485,21,FALSE
1989,Indiana Pacers,0,FALSE,0,1.44325485,19,FALSE
1989,Sacramento Kings,0,FALSE,0,1.44325485,19,FALSE
1989,New Jersey Nets,0,FALSE,0,1.44325485,19,FALSE
1989,Los Angeles Clippers,0,FALSE,0,1.44325485,19,FALSE
1989,Charlotte Hornets,0,FALSE,0,1.44325485,19,FALSE
1989,Miami Heat,0,FALSE,0,1.44325485,19,FALSE
1988,Phoenix Suns,0,FALSE,0,1.44325485,18,FALSE
1988,Sacramento Kings,0,FALSE,0,1.44325485,18,FALSE
1988,Golden State Warriors,0,FALSE,0,1.44325485,18,FALSE
1988,New Jersey Nets,0,FALSE,0,1.44325485,18,FALSE
1988,Los Angeles Clippers,0,FALSE,0,1.44325485,18,FALSE
1987,Phoenix Suns,0,FALSE,0,1.44325485,20,FALSE
1987,Cleveland Cavaliers,0,FALSE,0,1.44325485,20,FALSE
1987,New York Knicks,0,FALSE,0,1.44325485,20,FALSE
1986,Golden State Warriors,0,FALSE,0,1.44325485,20,FALSE
1986,Cleveland Cavaliers,0,FALSE,0,1.44325485,20,FALSE
1986,Indiana Pacers,0,FALSE,0,1.44325485,20,FALSE
1986,New York Knicks,0,FALSE,0,1.44325485,20,FALSE
1985,Cleveland Cavaliers,6.666666667,FALSE,1,1.44325485,17,FALSE
1985,Atlanta Hawks,0,FALSE,0,1.44325485,17,FALSE
1985,Los Angeles Clippers,0,FALSE,0,1.44325485,17,FALSE
1985,Seattle SuperSonics,0,FALSE,0,1.44325485,17,FALSE
1985,New York Knicks,0,FALSE,0,1.44325485,17,FALSE
1985,Golden State Warriors,0,FALSE,0,1.44325485,17,FALSE
1985,Indiana Pacers,0,FALSE,0,1.44325485,17,FALSE
1984,Golden State Warriors,0,FALSE,0,1.44325485,18,FALSE
1984,San Diego Clippers,0,FALSE,0,1.44325485,18,FALSE
1984,Houston Rockets,0,FALSE,0,1.44325485,18,FALSE
1984,Cleveland Cavaliers,0,FALSE,0,1.44325485,18,FALSE
1984,Chicago Bulls,0,FALSE,0,1.44325485,18,FALSE
1984,Indiana Pacers,0,FALSE,0,1.44325485,18,FALSE
1983,Utah Jazz,0,FALSE,0,1.44325485,18,FALSE
1983,Golden State Warriors,0,FALSE,0,1.44325485,18,FALSE
1983,San Diego Clippers,0,FALSE,0,1.44325485,18,FALSE
1983,Cleveland Cavaliers,0,FALSE,0,1.44325485,18,FALSE
1983,Indiana Pacers,0,FALSE,0,1.44325485,18,FALSE
1983,Houston Rockets,0,FALSE,0,1.44325485,18,FALSE
1982,Indiana Pacers,0,FALSE,0,1.44325485,19,FALSE
1982,New York Knicks,0,FALSE,0,1.44325485,19,FALSE
1982,Kansas City Kings,0,FALSE,0,1.44325485,19,FALSE
1982,Dallas Mavericks,0,FALSE,0,1.44325485,19,FALSE
1982,San Diego Clippers,0,FALSE,0,1.44325485,19,FALSE
2023,San Antonio Spurs,0,FALSE,0,1.44325485,22,FALSE
1981,San Diego Clippers,0,FALSE,0,1.44325485,17,FALSE
1981,Seattle SuperSonics,0,FALSE,0,1.44325485,17,FALSE
1981,Utah Jazz,0,FALSE,0,1.44325485,17,FALSE
1981,Cleveland Cavaliers,0,FALSE,0,1.44325485,17,FALSE
1981,New Jersey Nets,0,FALSE,0,1.44325485,17,FALSE
1981,Detroit Pistons,0,FALSE,0,1.44325485,17,FALSE
1981,Dallas Mavericks,0,FALSE,0,1.44325485,17,FALSE
1997,San Antonio Spurs,0,FALSE,0,1.44325485,20,FALSE
1980,San Diego Clippers,0,FALSE,0,1.44325485,18,FALSE
1980,New Jersey Nets,0,FALSE,0,1.44325485,18,FALSE
1980,Denver Nuggets,0,FALSE,0,1.44325485,18,FALSE
1980,Utah Jazz,0,FALSE,0,1.44325485,18,FALSE
1980,Golden State Warriors,0,FALSE,0,1.44325485,18,FALSE
1989,San Antonio Spurs,0,FALSE,0,1.44325485,19,FALSE
1979,Detroit Pistons,0,FALSE,0,1.44325485,18,FALSE
1979,New York Knicks,0,FALSE,0,1.44325485,18,FALSE
1979,New Orleans Jazz,0,FALSE,0,1.44325485,18,FALSE
1979,Cleveland Cavaliers,0,FALSE,0,1.44325485,18,FALSE
1979,Boston Celtics,0,FALSE,0,1.44325485,18,FALSE
1988,San Antonio Spurs,0,FALSE,1,1.44325485,18,FALSE
1978,Boston Celtics,0,FALSE,0,1.44325485,18,FALSE
1978,Kansas City Kings,0,FALSE,0,1.44325485,18,FALSE
1978,Indiana Pacers,0,FALSE,0,1.44325485,18,FALSE
1978,Houston Rockets,0,FALSE,0,1.44325485,18,FALSE
1978,Buffalo Braves,0,FALSE,0,1.44325485,18,FALSE
1987,San Antonio Spurs,0,FALSE,0,1.44325485,20,FALSE
1977,Indiana Pacers,0,FALSE,0,1.44325485,17,FALSE
1977,New Orleans Jazz,0,FALSE,0,1.44325485,17,FALSE
1977,Atlanta Hawks,0,FALSE,0,1.44325485,17,FALSE
1977,Buffalo Braves,0,FALSE,0,1.44325485,17,FALSE
1977,Milwaukee Bucks,0,FALSE,0,1.44325485,17,FALSE
1977,New York Nets,0,FALSE,0,1.44325485,17,FALSE
1976,Kansas City Kings,0,FALSE,0,1.44325485,16,FALSE
1976,Atlanta Hawks,0,FALSE,0,1.44325485,16,FALSE
1976,Chicago Bulls,0,FALSE,0,1.44325485,16,FALSE
1975,Philadelphia 76ers,0,FALSE,0,1.44325485,15,FALSE
1975,Phoenix Suns,0,FALSE,0,1.44325485,15,FALSE
1975,Atlanta Hawks,0,FALSE,0,1.44325485,15,FALSE
1975,Los Angeles Lakers,0,FALSE,0,1.44325485,15,FALSE
1974,Philadelphia 76ers,0,FALSE,0,1.44325485,11,FALSE
1974,Seattle SuperSonics,0,FALSE,0,1.44325485,11,FALSE
1974,Atlanta Hawks,0,FALSE,0,1.44325485,11,FALSE
1974,Kansas City-Omaha Kings,0,FALSE,0,1.44325485,11,FALSE
1974,Phoenix Suns,0,FALSE,0,1.44325485,11,FALSE
1974,Cleveland Cavaliers,0,FALSE,0,1.44325485,11,FALSE
1974,Portland Trail Blazers,0,FALSE,0,1.44325485,11,FALSE
1973,Kansas City-Omaha Kings,0,FALSE,0,1.44325485,11,FALSE
1973,Houston Rockets,0,FALSE,0,1.44325485,11,FALSE
1973,Cleveland Cavaliers,0,FALSE,0,1.44325485,11,FALSE
1973,Seattle SuperSonics,0,FALSE,0,1.44325485,11,FALSE
1973,Buffalo Braves,0,FALSE,0,1.44325485,11,FALSE
1973,Portland Trail Blazers,0,FALSE,0,1.44325485,11,FALSE
1973,Philadelphia 76ers,0,FALSE,0,1.44325485,11,FALSE
1972,Houston Rockets,0,FALSE,0,1.44325485,14,FALSE
1972,Cleveland Cavaliers,0,FALSE,0,1.44325485,14,FALSE
1972,Buffalo Braves,0,FALSE,0,1.44325485,14,FALSE
1972,Portland Trail Blazers,0,FALSE,0,1.44325485,14,FALSE
1971,Cincinnati Royals,0,FALSE,0,1.44325485,16,FALSE
1971,Buffalo Braves,0,FALSE,0,1.44325485,16,FALSE
1969,Chicago Bulls,0,FALSE,0,1.44325485,14,FALSE
1954,Philadelphia Warriors,0,FALSE,0,1.44325485,7,FALSE
1954,Milwaukee Hawks,0,FALSE,0,1.44325485,7,FALSE
1954,Baltimore Bullets,0,FALSE,0,1.44325485,7,FALSE
1953,Milwaukee Hawks,0,FALSE,0,1.44325485,9,FALSE
1953,Philadelphia Warriors,0,FALSE,0,1.44325485,9,FALSE
1952,Milwaukee Hawks,0,FALSE,0,1.44325485,10,FALSE
